ID Google Scholar,Name,Affiliation,Citations,Profile URL
d7mEytAAAAAJ,Ulber Silalahi,Parahyangan Catholic University,11651,https://scholar.google.com/citations?hl=en&user=d7mEytAAAAAJ
arMot54AAAAJ,Marihot Tua Efendi Hariandja,Universitas Katolik Parahyangan,5333,https://scholar.google.com/citations?hl=en&user=arMot54AAAAJ
u4DANrkAAAAJ,Tri Basuki Joewono,Parahyangan Catholic University,2905,https://scholar.google.com/citations?hl=en&user=u4DANrkAAAAJ
oxpRORYAAAAJ,Tristam Pascal Moeliono,"lecturer, Faculty of Law-Catholic University of Parahyangan-Indonesia",2322,https://scholar.google.com/citations?hl=en&user=oxpRORYAAAAJ
nVe2ImMAAAAJ,Andreas Wibowo,"Senior lecturer in construction management, Parahyangan Catholic University",1703,https://scholar.google.com/citations?hl=en&user=nVe2ImMAAAAJ
jo0rmlwAAAAJ,Sentosa Sembiring,universitas katolik parahyangan,1701,https://scholar.google.com/citations?hl=en&user=jo0rmlwAAAAJ
A154PEIAAAAJ,Djaja Sembiring Meliala,,1671,https://scholar.google.com/citations?hl=en&user=A154PEIAAAAJ
-uRs89IAAAAJ,Veritas et Justitia,Parahyangan Catholic University Faculty of Law,1659,https://scholar.google.com/citations?hl=en&user=-uRs89IAAAAJ
_jCSV1UAAAAJ,Nico Saputro,Parahyangan Catholic University,1651,https://scholar.google.com/citations?hl=en&user=_jCSV1UAAAAJ
A2-_y-kAAAAJ,Inge Barlian,Universitas Katolik Parahyangan,1504,https://scholar.google.com/citations?hl=en&user=A2-_y-kAAAAJ
9396vRoAAAAJ,Bambang Suryoatmono,"Professor of Civil Engineering, Parahyangan Catholic University",1478,https://scholar.google.com/citations?hl=en&user=9396vRoAAAAJ
kIUWHs8AAAAJ,Ratna Frida Susanti,Universitas Katolik Parahyangan,1441,https://scholar.google.com/citations?hl=en&user=kIUWHs8AAAAJ
QFb8Ew4AAAAJ,Hans Kristianto,Parahyangan Catholic University,1274,https://scholar.google.com/citations?hl=en&user=QFb8Ew4AAAAJ
2ptQYzEAAAAJ,Vera Intanie Dewi,"Associate Professor,Universitas Katolik Parahyangan,APMMI",1263,https://scholar.google.com/citations?hl=en&user=2ptQYzEAAAAJ
liOy1b4AAAAJ,Aknolt Kristian Pakpahan,Parahyangan Catholic University,1229,https://scholar.google.com/citations?hl=en&user=liOy1b4AAAAJ
yQXqn1QAAAAJ,Arenst Andreas Arie,Parahyangan Catholic University,1141,https://scholar.google.com/citations?hl=en&user=yQXqn1QAAAAJ
K2EaI9YAAAAJ,Philips Nicolas Gunawidjaja,Parahyangan Catholic University,1098,https://scholar.google.com/citations?hl=en&user=K2EaI9YAAAAJ
cgFbsKMAAAAJ,josef prijotomo,"Profesor Perkembangan Arsitektur, Universitas Katolik Parahyangan",1090,https://scholar.google.com/citations?hl=en&user=cgFbsKMAAAAJ
OBYbVFAAAAAJ,Indrasari Tjandraningsih,"Lecturer, Parahyangan University",1061,https://scholar.google.com/citations?hl=en&user=OBYbVFAAAAAJ
w7qEPygAAAAJ,Ignatius Suharto,Jurusan Teknik Kimia,1054,https://scholar.google.com/citations?hl=en&user=w7qEPygAAAAJ
Fjp1LV4AAAAJ,Paulus Pramono Rahardjo,"Professor of Geotechincal Engineering, Universitas Katolik Parahyangan",1003,https://scholar.google.com/citations?hl=en&user=Fjp1LV4AAAAJ
x71Rw8wAAAAJ,Budiono Kusumohamidjojo,"Professor, Universitas Katolik Parahyangan, Bandung",965,https://scholar.google.com/citations?hl=en&user=x71Rw8wAAAAJ
wRsI9oEAAAAJ,Yohanes Andre Situmorang,Doctor of Engineering,959,https://scholar.google.com/citations?hl=en&user=wRsI9oEAAAAJ
opazn2gAAAAJ,Paulina Permatasari,Universitas Katolik Parahyangan,957,https://scholar.google.com/citations?hl=en&user=opazn2gAAAAJ
cnJZnmgAAAAJ,Raden Roro Ida Nuraida,Parahyangan Catholic University,947,https://scholar.google.com/citations?hl=en&user=cnJZnmgAAAAJ
L88m1d4AAAAJ,Aswin Lim,Parahyangan Catholic University,914,https://scholar.google.com/citations?hl=en&user=L88m1d4AAAAJ
IWk7Qj8AAAAJ,Purnama Salura,Parahyangan Catholic University,906,https://scholar.google.com/citations?hl=en&user=IWk7Qj8AAAAJ
2Ki6xCYAAAAJ,AUGUSTO SOARES,Universitas Katolik Parahyangan,884,https://scholar.google.com/citations?hl=en&user=2Ki6xCYAAAAJ
AbP-ExcAAAAJ,SRI DHARWIYANTI,,851,https://scholar.google.com/citations?hl=en&user=AbP-ExcAAAAJ
ZpV1FnkAAAAJ,Reinard Primulando,Parahyangan Catholic University,840,https://scholar.google.com/citations?hl=en&user=ZpV1FnkAAAAJ
aAFKxMQAAAAJ,Djisman Samosir,Universitas Katolik Parahyangan,817,https://scholar.google.com/citations?hl=en&user=aAFKxMQAAAAJ
utDzNOYAAAAJ,Asaf Kleopas Sugih,Parahyangan Catholic University,761,https://scholar.google.com/citations?hl=en&user=utDzNOYAAAAJ
ievOdE8AAAAJ,Sukawarsini Djelantik,Parahyangan Catholic University,739,https://scholar.google.com/citations?hl=en&user=ievOdE8AAAAJ
KNUzURcAAAAJ,Andreas FV Roy,Universitas Katolik Parahyangan,733,https://scholar.google.com/citations?hl=en&user=KNUzURcAAAAJ
r-RVu-wAAAAJ,Wimpy Santosa,"Professor of Civil Engineering, Parahyangan Catholic University",732,https://scholar.google.com/citations?hl=en&user=r-RVu-wAAAAJ
AD3OrU8AAAAJ,Johanna Renny Octavia Hariandja,Parahyangan Catholic University,716,https://scholar.google.com/citations?hl=en&user=AD3OrU8AAAAJ
qswgRTwAAAAJ,Kristian Widya Wicaksono,Universitas Katolik Parahyangan,686,https://scholar.google.com/citations?hl=en&user=qswgRTwAAAAJ
-_UpBJwAAAAJ,Iwan Sudradjat,"Professor, Universitas Katolik Parahyangan, Bandung, Indonesia",644,https://scholar.google.com/citations?hl=en&user=-_UpBJwAAAAJ
oqQD44AAAAAJ,Judy Retti B Witono,"Professor of Chemical Engineering, Parahyangan Catholic University",639,https://scholar.google.com/citations?hl=en&user=oqQD44AAAAAJ
xkjL7qkAAAAJ,Ignatius Bambang Sugiharto,Universitas Katolik Parahyangan,637,https://scholar.google.com/citations?hl=en&user=xkjL7qkAAAAJ
2L0QwtcAAAAJ,Mochamad Ziaul Haq,Universitas Katolik Parahyangan,617,https://scholar.google.com/citations?hl=en&user=2L0QwtcAAAAJ
BZn8ezwAAAAJ,James Rianto Situmorang,Universitas Katolik Parahyangan,611,https://scholar.google.com/citations?hl=en&user=BZn8ezwAAAAJ
U5wdFcQAAAAJ,Sani Susanto,"Professor in Industrial Engineering, Parahyangan Catholic University",604,https://scholar.google.com/citations?hl=en&user=U5wdFcQAAAAJ
pdKXQE8AAAAJ,Dedy Suryadi,Universitas Katolik Parahyangan,592,https://scholar.google.com/citations?hl=en&user=pdKXQE8AAAAJ
cs3srFsAAAAJ,Anton Soekiman,Universitas Katolik Parahyangan,577,https://scholar.google.com/citations?hl=en&user=cs3srFsAAAAJ
d8KLkTcAAAAJ,Hamfri Djajadikerta,Parahyangan Catholic University,550,https://scholar.google.com/citations?hl=en&user=d8KLkTcAAAAJ
3DL3JiUAAAAJ,Koerniatmanto Soetoprawiro,Universitas Katolik Parahyangan,548,https://scholar.google.com/citations?hl=en&user=3DL3JiUAAAAJ
668_8gkAAAAJ,JNM Tan-Soetedjo,Parahyangan Catholic University,537,https://scholar.google.com/citations?hl=en&user=668_8gkAAAAJ
R28VST0AAAAJ,Henky Muljana,"Department of Chemical Engineering, Parahyangan Catholic University",531,https://scholar.google.com/citations?hl=en&user=R28VST0AAAAJ
WeBcYLYAAAAJ,Catharina Badra Nawangpalupi,Universitas Katolik Parahyangan,529,https://scholar.google.com/citations?hl=en&user=WeBcYLYAAAAJ
RozW79AAAAAJ,Haryanto Siahaan,Parahyangan Catholic University,518,https://scholar.google.com/citations?hl=en&user=RozW79AAAAAJ
9qcMhy4AAAAJ,Susiana Prasetyo S.,Universitas Katolik Parahyangan,517,https://scholar.google.com/citations?hl=en&user=9qcMhy4AAAAJ
bYqhGTAAAAAJ,Mardiana Mardiana,Universitas Katolik Parahyangan,511,https://scholar.google.com/citations?hl=en&user=bYqhGTAAAAAJ
R0sags4AAAAJ,Jonathan Steven Komarudin,Universitas Katolik Parahyangan,498,https://scholar.google.com/citations?hl=en&user=R0sags4AAAAJ
NzOYqpMAAAAJ,Agus Gunawan,Universitas Katolik Parahyangan,491,https://scholar.google.com/citations?hl=en&user=NzOYqpMAAAAJ
pT7Nc3wAAAAJ,Angela Justina Kumalaputri,Lecturer at Parahyangan Catholic University,483,https://scholar.google.com/citations?hl=en&user=pT7Nc3wAAAAJ
M-JnlHkAAAAJ,Herry Santoso,Parahyangan Catholic University,482,https://scholar.google.com/citations?hl=en&user=M-JnlHkAAAAJ
JHrtv9gAAAAJ,Nerru Pranuta Murnaka,Universitas Katolik Parahyangan,470,https://scholar.google.com/citations?hl=en&user=JHrtv9gAAAAJ
2bJ8Q1QAAAAJ,Martin Wijaya,Parahyangan Catholic University,470,https://scholar.google.com/citations?hl=en&user=2bJ8Q1QAAAAJ
KlGV8P0AAAAJ,Tutik Rachmawati,Parahyangan Catholic University,466,https://scholar.google.com/citations?hl=en&user=KlGV8P0AAAAJ
eU1IQGQAAAAJ,Daniel Hermawan,Parahyangan Catholic University,454,https://scholar.google.com/citations?hl=en&user=eU1IQGQAAAAJ
cY4XPS8AAAAJ,Mia Wimala,Universitas Katolik Parahyangan,452,https://scholar.google.com/citations?hl=en&user=cY4XPS8AAAAJ
zCo78Z4AAAAJ,Bartolomeus Samho,Universitas Katolik Parahyangan,438,https://scholar.google.com/citations?hl=en&user=zCo78Z4AAAAJ
hQBsgykAAAAJ,Veronica S. Moertini,"Lecturer, Informatics Department, Parahyangan Catholic University",436,https://scholar.google.com/citations?hl=en&user=hQBsgykAAAAJ
JtJKCRoAAAAJ,Carles Sitompul,Universitas Katolik Parahyangan,436,https://scholar.google.com/citations?hl=en&user=JtJKCRoAAAAJ
4SRm83kAAAAJ,Hie Maria Inggrid,Universitas katolik parahyangan,433,https://scholar.google.com/citations?hl=en&user=4SRm83kAAAAJ
LPDD-3wAAAAJ,Amelia Setiawan,Parahyangan Catholic University,429,https://scholar.google.com/citations?hl=en&user=LPDD-3wAAAAJ
u3cLuhQAAAAJ,Doddi Yudianto,Universitas Katolik Parahyangan,428,https://scholar.google.com/citations?hl=en&user=u3cLuhQAAAAJ
Ub-AWNoAAAAJ,Theresia Gunawan,Parahyangan Catholic University,394,https://scholar.google.com/citations?hl=en&user=Ub-AWNoAAAAJ
b76bbisAAAAJ,Budijanto Widjaja,Parahyangan Catholic University,390,https://scholar.google.com/citations?hl=en&user=b76bbisAAAAJ
2RlR0lgAAAAJ,Elvy Maria Manurung,Parahyangan Catholic University,390,https://scholar.google.com/citations?hl=en&user=2RlR0lgAAAAJ
RrcueGcAAAAJ,Gandhi Pawitan,Parahyangan Catholic University,384,https://scholar.google.com/citations?hl=en&user=RrcueGcAAAAJ
q8UXsOQAAAAJ,Niken Savitri,Universitas Katolik Parahyangan,379,https://scholar.google.com/citations?hl=en&user=q8UXsOQAAAAJ
vcoEh8kAAAAJ,Dandy Marcelino,"Bank Rakyat Indonesia, Universitas Katolik Parahyangan",376,https://scholar.google.com/citations?hl=en&user=vcoEh8kAAAAJ
V3-YfcgAAAAJ,RF Bhanu Viktorahadi Pr.,Universitas Katolik Parahyangan Bandung,372,https://scholar.google.com/citations?hl=en&user=V3-YfcgAAAAJ
jbnAov8AAAAJ,Yulius Purwadi Hermawan,Parahyangan Catholic University,363,https://scholar.google.com/citations?hl=en&user=jbnAov8AAAAJ
t6XBpTQAAAAJ,Albert Wicaksono,Parahyangan Catholic University,349,https://scholar.google.com/citations?hl=en&user=t6XBpTQAAAAJ
RZGeEikAAAAJ,Feby Ivalerina Kartikasari,Fakultas Hukum Universitas Katolik Parahyangan,344,https://scholar.google.com/citations?hl=en&user=RZGeEikAAAAJ
Vv2ksAsAAAAJ,Bobby Minola Ginting,"Parahyangan Catholic University, Technical University of Munich, Hiroshima University",340,https://scholar.google.com/citations?hl=en&user=Vv2ksAsAAAAJ
gwcBwkQAAAAJ,GOUW Tjie-Liong,Universitas Katolik Parahyangan,340,https://scholar.google.com/citations?hl=en&user=gwcBwkQAAAAJ
dDiVR7sAAAAJ,Dharma Lesmono,"Department of Mathematics, Universitas Katolik Parahyangan",339,https://scholar.google.com/citations?hl=en&user=dDiVR7sAAAAJ
AyAMl94AAAAJ,YIP Arry Miryanti,Universitas Katolik Parahyangan,332,https://scholar.google.com/citations?hl=en&user=AyAMl94AAAAJ
S7qSqcUAAAAJ,William Xaveriano Waresindo,"Institut Teknologi Bandung, Universitas Katolik Parahyangan",330,https://scholar.google.com/citations?hl=en&user=S7qSqcUAAAAJ
hoQLTTwAAAAJ,Ferry Jaya Permana,"Department of Mathematics, Universitas Katolik Parahyangan",321,https://scholar.google.com/citations?hl=en&user=hoQLTTwAAAAJ
EAybSIgAAAAJ,Thedy Yogasara,Parahyangan Catholic University,320,https://scholar.google.com/citations?hl=en&user=EAybSIgAAAAJ
7lHWgh0AAAAJ,Aloysius Rusli,Universitas Katolik Parahyangan,319,https://scholar.google.com/citations?hl=en&user=7lHWgh0AAAAJ
3xJ-rRoAAAAJ,Andy Chandra,Universitas Katolik Parahyangan,314,https://scholar.google.com/citations?hl=en&user=3xJ-rRoAAAAJ
0Q2Sd0wAAAAJ,Fransisca Mulyono,Universitas Katolik Parahyangan,313,https://scholar.google.com/citations?hl=en&user=0Q2Sd0wAAAAJ
8eGAP90AAAAJ,Sanerya Hendrawan,Parahyangan Catholic University,311,https://scholar.google.com/citations?hl=en&user=8eGAP90AAAAJ
pkC7RHYAAAAJ,Kevin Cleary Wanta,"Department of Chemical Engineering, Parahyangan Catholic University",307,https://scholar.google.com/citations?hl=en&user=pkC7RHYAAAAJ
XYAvqvIAAAAJ,Maria Widyarini,Parahyangan Catholic University,303,https://scholar.google.com/citations?hl=en&user=XYAvqvIAAAAJ
lYljaKIAAAAJ,Ariestya Arlene Arbita,"Senior lecturer of Chemical Engineering, Universitas Katolik Parahyangan",301,https://scholar.google.com/citations?hl=en&user=lYljaKIAAAAJ
qRpMvFEAAAAJ,"Prof. Ir. Anastasia Caroline Sutandi, ST, MT, Ph.D., IPU",Universitas Katolik Parahyangan,298,https://scholar.google.com/citations?hl=en&user=qRpMvFEAAAAJ
f2F14DQAAAAJ,Anggia V,Parahyangan Catholic University,296,https://scholar.google.com/citations?hl=en&user=f2F14DQAAAAJ
ifTdtG4AAAAJ,Sentris,Universitas Katolik Parahyangan,295,https://scholar.google.com/citations?hl=en&user=ifTdtG4AAAAJ
FUVY4qYAAAAJ,Iwan Sugiarto,Universitas Katolik Parahyangan,294,https://scholar.google.com/citations?hl=en&user=FUVY4qYAAAAJ
j678SXAAAAAJ,Ignatius Bryan Abimanyu,Parahyangan Catholic University,289,https://scholar.google.com/citations?hl=en&user=j678SXAAAAAJ
2sc3LwcAAAAJ,Sylvia Yazid,Universitas Katolik Parahyangan,284,https://scholar.google.com/citations?hl=en&user=2sc3LwcAAAAJ
50zAAlkAAAAJ,Liyanto Eddy,Parahyangan Catholic University,276,https://scholar.google.com/citations?hl=en&user=50zAAlkAAAAJ
6AtDSG8AAAAJ,Syarif Maulana,Universitas Katolik Parahyangan,259,https://scholar.google.com/citations?hl=en&user=6AtDSG8AAAAJ
yQjGrHUAAAAJ,Budi Husodo Bisowarno,Parahyangan Catholic University,252,https://scholar.google.com/citations?hl=en&user=yQjGrHUAAAAJ
aDMAEgMAAAAJ,Lionov Wiratma,"Utrecht University, Parahyangan Catholic University",251,https://scholar.google.com/citations?hl=en&user=aDMAEgMAAAAJ
pyViARQAAAAJ,Wisena Perceka,"Assistant Professor of Civil Engineering, Parahyangan Catholic University",249,https://scholar.google.com/citations?hl=en&user=pyViARQAAAAJ
DHxkIK4AAAAJ,Sophan Ajie,Universitas Katolik Parahyangan,247,https://scholar.google.com/citations?hl=en&user=DHxkIK4AAAAJ
Qu1bR60AAAAJ,Bachtiar Fauzy,"Senior Lecturer of Architecture, Parahyangan Catholic University",242,https://scholar.google.com/citations?hl=en&user=Qu1bR60AAAAJ
fbI1RC0AAAAJ,Urip Santoso,Universitas Katolik Parahyangan,241,https://scholar.google.com/citations?hl=en&user=fbI1RC0AAAAJ
D4dQun4AAAAJ,Yansen Theopilus,"School of Design and Architecture, Swinburne University of Technology",233,https://scholar.google.com/citations?hl=en&user=D4dQun4AAAAJ
9AK--vIAAAAJ,Rahadhian Prajudi Herwindo,Parahyangan Catholic University,230,https://scholar.google.com/citations?hl=en&user=9AK--vIAAAAJ
tu5BrDYAAAAJ,Yusuf Siswantara (ORCID: 0000-0003-4157-779X),UNIVERSITAS KATOLIK PARAHYANGAN,224,https://scholar.google.com/citations?hl=en&user=tu5BrDYAAAAJ
8HVkF5gAAAAJ,Marshell Adi Putra,"Department of International Relations, Parahyangan Catholic University",216,https://scholar.google.com/citations?hl=en&user=8HVkF5gAAAAJ
XOozdHEAAAAJ,Daniel Tan,Parahyangan Catholic University,212,https://scholar.google.com/citations?hl=en&user=XOozdHEAAAAJ
xdtmuQEAAAAJ,Taufik Limansyah,Universitas Katolik Parahyangan,206,https://scholar.google.com/citations?hl=en&user=xdtmuQEAAAAJ
SB539uUAAAAJ,Anastasia Prima Kristijarti,Universitas Katolik Parahyangan,206,https://scholar.google.com/citations?hl=en&user=SB539uUAAAAJ
ajSC5dwAAAAJ,Clara Theresia,School of Design and Architecture Swinburne University of Technology and Parahyangan …,205,https://scholar.google.com/citations?hl=en&user=ajSC5dwAAAAJ
KGM4a3YAAAAJ,Robertus Wahyudi Triweko,"… of Water Resources Engineering and Management, Universitas Katolik Parahyangan",204,https://scholar.google.com/citations?hl=en&user=KGM4a3YAAAAJ
k0KMkh0AAAAJ,Maria Merry Marianti,Universitas Katolik Parahyangan,203,https://scholar.google.com/citations?hl=en&user=k0KMkh0AAAAJ
dm4h8vwAAAAJ,Elisabeth Dewi,"Department of International Relations, Parahyangan Catholic University",200,https://scholar.google.com/citations?hl=en&user=dm4h8vwAAAAJ
66BTORYAAAAJ,Stephanus Djunatan,Universitas Katolik Parahyangan,200,https://scholar.google.com/citations?hl=en&user=66BTORYAAAAJ
GysE_EQAAAAJ,Johannes Adhijoso Tjondro,Dr,197,https://scholar.google.com/citations?hl=en&user=GysE_EQAAAAJ
Nd9opnQAAAAJ,Agustinus Pohan,,197,https://scholar.google.com/citations?hl=en&user=Nd9opnQAAAAJ
QmfzeXgAAAAJ,Hendrikus Endar Suhendar,Universitas Katolik Parahyangan,195,https://scholar.google.com/citations?hl=en&user=QmfzeXgAAAAJ
Wv7qV7gAAAAJ,Hadrianus Tedjoworo,"Department of Theology, Faculty of Philosophy, Parahyangan Catholic University, Bandung …",194,https://scholar.google.com/citations?hl=en&user=Wv7qV7gAAAAJ
S_SlloAAAAAJ,Steven Reinaldo Rusli,Universitas Katolik Parahyangan,192,https://scholar.google.com/citations?hl=en&user=S_SlloAAAAAJ
ZmqSQ8oAAAAJ,Cecilia E. Nugraheni,Parahyangan Catholic University,189,https://scholar.google.com/citations?hl=en&user=ZmqSQ8oAAAAJ
baBIqHUAAAAJ,Tedi Hudaya,"A/Prof. of Chemical Engineering, Parahyangan Catholic University",185,https://scholar.google.com/citations?hl=en&user=baBIqHUAAAAJ
dhbU88UAAAAJ,Paulus Sukapto,Universitas Katolik Parahyangan,183,https://scholar.google.com/citations?hl=en&user=dhbU88UAAAAJ
5vCjpngAAAAJ,yohanes basuki dwisusanto,Universitas Katolik Parahyangan Bandung INDONESIA,174,https://scholar.google.com/citations?hl=en&user=5vCjpngAAAAJ
e1T_iAIAAAAJ,Bayu Seto Hardjowahono,Universitas Katolik Parahyangan,171,https://scholar.google.com/citations?hl=en&user=e1T_iAIAAAAJ
qBG-aisAAAAJ,Benny Yong,"Department of Mathematics, Parahyangan Catholic University",170,https://scholar.google.com/citations?hl=en&user=qBG-aisAAAAJ
KFNqLS0AAAAJ,Andreas Parama Wijaya,Universitas Katolik Parahyangan,170,https://scholar.google.com/citations?hl=en&user=KFNqLS0AAAAJ
laVPp4IAAAAJ,Sr. Gerardette Philips,Universitas Katolik Parahyangan,170,https://scholar.google.com/citations?hl=en&user=laVPp4IAAAAJ
luVj7MwAAAAJ,Fransiscus Rian Pratikto,Universitas Katolik Parahyangan,169,https://scholar.google.com/citations?hl=en&user=luVj7MwAAAAJ
nRAgmioAAAAJ,I Nyoman Sudira,Universitas Katolik Parahyangan,168,https://scholar.google.com/citations?hl=en&user=nRAgmioAAAAJ
-ZtaS0YAAAAJ,Herry Suryadi Djayaprabha,"Assistant Professor, Parahyangan Catholic Univerisity",168,https://scholar.google.com/citations?hl=en&user=-ZtaS0YAAAAJ
0oLc8OEAAAAJ,Farah Kristiani,"Researcher of Mathematics, Parahyangan Catholic University",165,https://scholar.google.com/citations?hl=en&user=0oLc8OEAAAAJ
4ur4qDcAAAAJ,"Dr. Fransiskus Borgias, MA",Universitas Katolik Parahyangan,165,https://scholar.google.com/citations?hl=en&user=4ur4qDcAAAAJ
Wrrf2IMAAAAJ,FX Rudi Setiawan,Universitas Katolik Parahyangan,163,https://scholar.google.com/citations?hl=en&user=Wrrf2IMAAAAJ
4yStGi8AAAAJ,Haryani Chandra,Universitas Katolik Parahyangan,163,https://scholar.google.com/citations?hl=en&user=4yStGi8AAAAJ
UUMzzx0AAAAJ,Paulus Cahyono Tjiang,Department of Physics - Parahyangan Catholic University,162,https://scholar.google.com/citations?hl=en&user=UUMzzx0AAAAJ
SdZkTUMAAAAJ,Loren Pratiwi,Universitas Katolik Parahyangan,159,https://scholar.google.com/citations?hl=en&user=SdZkTUMAAAAJ
Y42cuxUAAAAJ,Levin Halim,Parahyangan Catholic University,159,https://scholar.google.com/citations?hl=en&user=Y42cuxUAAAAJ
A5k2OgcAAAAJ,Hanky Fransiscus,"Lecturer of Industrial Engineering, Universitas Katolik Parahyangan",157,https://scholar.google.com/citations?hl=en&user=A5k2OgcAAAAJ
eMvyAZ0AAAAJ,Sylvia Fettry,Universitas Katolik Parahyangan,155,https://scholar.google.com/citations?hl=en&user=eMvyAZ0AAAAJ
ku2h21gAAAAJ,Ratih Indraswari,Ewha Womans University,155,https://scholar.google.com/citations?hl=en&user=ku2h21gAAAAJ
DrKSGvMAAAAJ,Istiharini Istiharini,Universitas Katolik Parahyangan,150,https://scholar.google.com/citations?hl=en&user=DrKSGvMAAAAJ
CNxPcAoAAAAJ,Luciana Abednego,Universitas Katolik Parahyangan,150,https://scholar.google.com/citations?hl=en&user=CNxPcAoAAAAJ
8-H6m1cAAAAJ,Stanislaus Risadi Apresian,"Assistant Professor, Universitas Katolik Parahyangan",149,https://scholar.google.com/citations?hl=en&user=8-H6m1cAAAAJ
KEPkHdkAAAAJ,Alvin Stanza Kiswandhi,STKIP Surya,149,https://scholar.google.com/citations?hl=en&user=KEPkHdkAAAAJ
SXmnC9IAAAAJ,Yogi Yusuf Wibisono,Universitas Katolik Parahyangan,148,https://scholar.google.com/citations?hl=en&user=SXmnC9IAAAAJ
g9X28QcAAAAJ,Mardohar Batu Bornok Simanjuntak,Universitas Katolik Parahyangan,148,https://scholar.google.com/citations?hl=en&user=g9X28QcAAAAJ
FuBCNOYAAAAJ,Felisia Felisia,Universitas Katolik Parahyangan,147,https://scholar.google.com/citations?hl=en&user=FuBCNOYAAAAJ
Rg7JnGgAAAAJ,Ceicalia Tesavrita,Universitas Katolik Parahyangan,143,https://scholar.google.com/citations?hl=en&user=Rg7JnGgAAAAJ
xxxVqXgAAAAJ,Elizabeth Tiur Manurung,Parahyangan Catholic University,143,https://scholar.google.com/citations?hl=en&user=xxxVqXgAAAAJ
2qZdIvcAAAAJ,Andreas Doweng Bolo,Universitas Katolik Parahyangan,142,https://scholar.google.com/citations?hl=en&user=2qZdIvcAAAAJ
YSlwqLYAAAAJ,Rumiati Rosaline Tobing,Universitas Katolik Parahyangan,141,https://scholar.google.com/citations?hl=en&user=YSlwqLYAAAAJ
MGguacAAAAAJ,Dewi Sukma Kristianti,Fakultas Hukum Universitas Katolik Parahyangan,137,https://scholar.google.com/citations?hl=en&user=MGguacAAAAAJ
pDqaNpAAAAAJ,Dina Rubiana Widarda,"Civil Engineering, Parahyangan Catholic University",136,https://scholar.google.com/citations?hl=en&user=pDqaNpAAAAAJ
sLag0psAAAAJ,Bagus Made Arthaya,"Senior Lecture at Mechatronics Engineering, Parahyangan University",136,https://scholar.google.com/citations?hl=en&user=sLag0psAAAAJ
lark4gYAAAAJ,Yansen Hartanto,Universitas Katolik Parahyangan,136,https://scholar.google.com/citations?hl=en&user=lark4gYAAAAJ
tLVFhnYAAAAJ,Kinley Aritonang,"Faculty of Industrial Engineering, Parahyangan Catholic University",136,https://scholar.google.com/citations?hl=en&user=tLVFhnYAAAAJ
7by6o7sAAAAJ,Anastasia Maurina,"Architecture Department, Universitas Katolik Parahyangan",135,https://scholar.google.com/citations?hl=en&user=7by6o7sAAAAJ
nPlW9DwAAAAJ,Hotna Marina Sitorus,Universitas Katolik Parahyangan,135,https://scholar.google.com/citations?hl=en&user=nPlW9DwAAAAJ
F7-4hzAAAAAJ,Ria Satyarini,"senior lecturer of Management department, Parahyangan Catholic University",134,https://scholar.google.com/citations?hl=en&user=F7-4hzAAAAAJ
t15oBrQAAAAJ,Yohanes Karyadi Kusliansjah,Universitas Katolik Parahyangan,131,https://scholar.google.com/citations?hl=en&user=t15oBrQAAAAJ
D7DZqxEAAAAJ,Elok Fidiani,"Lecturer in Department of Physics, Universitas Katolik Parahyangan",131,https://scholar.google.com/citations?hl=en&user=D7DZqxEAAAAJ
J5sg9AMAAAAJ,Chandra Utama,"Lecturer, Universitas Katolik Parahyangan",130,https://scholar.google.com/citations?hl=en&user=J5sg9AMAAAAJ
aTBxrk0AAAAJ,Jessica Martha,"Lecturer of International Relations Department, Parahyangan Catholic Univeristy Bandung",129,https://scholar.google.com/citations?hl=en&user=aTBxrk0AAAAJ
YlJEHuQAAAAJ,Samuel Wirawan,Universitas Katolik Parahyangan,129,https://scholar.google.com/citations?hl=en&user=YlJEHuQAAAAJ
JhojdBgAAAAJ,Angguntari Ceria Sari,Universitas Katolik Parahyangan,127,https://scholar.google.com/citations?hl=en&user=JhojdBgAAAAJ
69KyszcAAAAJ,Martinus Ahmad Raif,Universitas Katolik Parahyangan,126,https://scholar.google.com/citations?hl=en&user=69KyszcAAAAJ
h3TLGMMAAAAJ,Ali Sadiyoko,"Mechatronics Engineering, Parahyangan University",119,https://scholar.google.com/citations?hl=en&user=h3TLGMMAAAAJ
wzmpvi8AAAAJ,Sylvester Kanisius Laku,Universitas Katolik Parahyangan,119,https://scholar.google.com/citations?hl=en&user=wzmpvi8AAAAJ
O7fZNSEAAAAJ,Sugiri Kustedja,"Parahyangan Catholic University, Maranatha Christian University",118,https://scholar.google.com/citations?hl=en&user=O7fZNSEAAAAJ
GNRlq7MAAAAJ,Albert Triwibowo,"Assistant Professor, Parahyangan Catholic University (UNPAR)",118,https://scholar.google.com/citations?hl=en&user=GNRlq7MAAAAJ
7T4MLdsAAAAJ,Angela Martina,"Department of Chemical Engineering, Parahyangan Catholic University",118,https://scholar.google.com/citations?hl=en&user=7T4MLdsAAAAJ
quPBDKcAAAAJ,Keoni Marzuki,Adjunct Lecturer,116,https://scholar.google.com/citations?hl=en&user=quPBDKcAAAAJ
xIBDioEAAAAJ,Theresita Herni,Universitas Katolik Parahyangan,115,https://scholar.google.com/citations?hl=en&user=xIBDioEAAAAJ
FULFtJsAAAAJ,Sahid Mochtar,Universitas Katolik Parahyangan,114,https://scholar.google.com/citations?hl=en&user=FULFtJsAAAAJ
R5OMk_AAAAAJ,Yoke Pribadi Kornarius,Universitas Katolik Parahyangan,113,https://scholar.google.com/citations?hl=en&user=R5OMk_AAAAAJ
mdYIhQEAAAAJ,Rizka Nugraha Pratikna,Parahyangan Catholic University,112,https://scholar.google.com/citations?hl=en&user=mdYIhQEAAAAJ
dDeNh6UAAAAJ,Monica Paramita Ratna Putri Dewanti,Universitas Katolik Parahyangan,111,https://scholar.google.com/citations?hl=en&user=dDeNh6UAAAAJ
qXT67oEAAAAJ,Yohanes Lim Dwi Adianto,Universitas Katolik Parahyangan,111,https://scholar.google.com/citations?hl=en&user=qXT67oEAAAAJ
5EFUaHoAAAAJ,Felix Hidayat,"Lecturer, Parahyangan Catholic University",110,https://scholar.google.com/citations?hl=en&user=5EFUaHoAAAAJ
s9hKwSsAAAAJ,Cynthia Prithadevi Juwono,Universitas Katolik Parahyangan,110,https://scholar.google.com/citations?hl=en&user=s9hKwSsAAAAJ
e6evKGQAAAAJ,Chandra Ferdinand Wijaya,Universitas Katolik Parahyangan,109,https://scholar.google.com/citations?hl=en&user=e6evKGQAAAAJ
rYm2I3IAAAAJ,Livia Owen,Parahyangan Catholic University (Universitas Katolik Parahyangan),109,https://scholar.google.com/citations?hl=en&user=rYm2I3IAAAAJ
B-OxUWUAAAAJ,Tanius Sebastian,"Law School, Parahyangan Catholic University",108,https://scholar.google.com/citations?hl=en&user=B-OxUWUAAAAJ
kAzJD4oAAAAJ,Paulina Kus Ariningsih,Universitas Katolik Parahyangan,108,https://scholar.google.com/citations?hl=en&user=kAzJD4oAAAAJ
QMfKceUAAAAJ,Evirius Ndruru,Pusat Bahasa Universitas Katolik Parahyangan,108,https://scholar.google.com/citations?hl=en&user=QMfKceUAAAAJ
QC60nGMAAAAJ,Triyana Iskandarsjah,Parahyangan Catholic University,107,https://scholar.google.com/citations?hl=en&user=QC60nGMAAAAJ
ISnAXBYAAAAJ,Yenny Gunawan,"Faculty, Parahyangan Catholic University",107,https://scholar.google.com/citations?hl=en&user=ISnAXBYAAAAJ
SSc4RwUAAAAJ,Fabianus Sebastian Heatubun,Catholic Parahyangan University,107,https://scholar.google.com/citations?hl=en&user=SSc4RwUAAAAJ
PU7gnOMAAAAJ,Kristiana Asih Damayanti,"Industrial Engineering Department, Universitas Katolik Parahyangan",105,https://scholar.google.com/citations?hl=en&user=PU7gnOMAAAAJ
say8mZUAAAAJ,Triana Mugia Rahayu,Universitas Katolik Parahyangan,105,https://scholar.google.com/citations?hl=en&user=say8mZUAAAAJ
E6MtHnAAAAAJ,Alfian Tan,Universitas Katolik Parahyangan (Parahyangan Catholic University),103,https://scholar.google.com/citations?hl=en&user=E6MtHnAAAAAJ
dP2iTfgAAAAJ,Angela Caroline,Universitas Katolik Parahyangan,103,https://scholar.google.com/citations?hl=en&user=dP2iTfgAAAAJ
Y6RI8hUAAAAJ,Faisal Wahab,Universitas Katolik Parahyangan,103,https://scholar.google.com/citations?hl=en&user=Y6RI8hUAAAAJ
WWLNJ1cAAAAJ,Brigita Meylianti Sulungbudi,Parahyangan Catholic University,102,https://scholar.google.com/citations?hl=en&user=WWLNJ1cAAAAJ
Of82L3sAAAAJ,Idil Syawfi,universitas katolik parahyangan,102,https://scholar.google.com/citations?hl=en&user=Of82L3sAAAAJ
NGSkEkAAAAAJ,Yohanes Driyanto,Universitas Katolik Parahyangan,102,https://scholar.google.com/citations?hl=en&user=NGSkEkAAAAAJ
kYwqqBkAAAAJ,Sugih Sudharma Tjandra,"Lecturer of Industrial Engineering, Universitas Katolik Parahyangan",100,https://scholar.google.com/citations?hl=en&user=kYwqqBkAAAAJ
tYb-foQAAAAJ,Putu Agung Nara Indra Prima Satya,"Dosen Prodi Hubungan Internasional, Universitas Katolik Parahyangan",100,https://scholar.google.com/citations?hl=en&user=tYb-foQAAAAJ
RI0t4xwAAAAJ,Putri Ramadhany,"The University of New South Wales, Parahyangan Catholic University",100,https://scholar.google.com/citations?hl=en&user=RI0t4xwAAAAJ
Yh842fYAAAAJ,Yulia Indrawati Sari,Universitas Parahyangan,99,https://scholar.google.com/citations?hl=en&user=Yh842fYAAAAJ
MDKYNUEAAAAJ,Paulus Pramono Rahardjo,,98,https://scholar.google.com/citations?hl=en&user=MDKYNUEAAAAJ
6UWO5C8AAAAJ,Catharina Tan Lian Soei,Universitas Katolik Parahyangan,97,https://scholar.google.com/citations?hl=en&user=6UWO5C8AAAAJ
hapWIL8AAAAJ,Leonardus Samosir,"Catholic University of Parahyangan, Bandung, Indonesia",97,https://scholar.google.com/citations?hl=en&user=hapWIL8AAAAJ
wwrgFCsAAAAJ,Rulyusa Pratikto,Parahyangan Catholic University,95,https://scholar.google.com/citations?hl=en&user=wwrgFCsAAAAJ
7kCMoEUAAAAJ,A Hadisoepadma,Universitas Katolik Parahyangan,95,https://scholar.google.com/citations?hl=en&user=7kCMoEUAAAAJ
2ZGYnJMAAAAJ,Agus Sukmana,Parahyangan Catholic University,94,https://scholar.google.com/citations?hl=en&user=2ZGYnJMAAAAJ
6OZfWnYAAAAJ,Pele Widjaja,universitas katolik parahyangan,93,https://scholar.google.com/citations?hl=en&user=6OZfWnYAAAAJ
bjC-P8gAAAAJ,Siwi Nugraheni,Universitas Katolik Parahyangan,92,https://scholar.google.com/citations?hl=en&user=bjC-P8gAAAAJ
1H4PxwgAAAAJ,Siska Rustiani,Universitas Katolik Parahyangan,92,https://scholar.google.com/citations?hl=en&user=1H4PxwgAAAAJ
2tFc8S8AAAAJ,Mangadar Situmorang,Universitas Katolik Parahyangan,91,https://scholar.google.com/citations?hl=en&user=2tFc8S8AAAAJ
aPQXrIYAAAAJ,Tony Handoko,Parahyangan University,91,https://scholar.google.com/citations?hl=en&user=aPQXrIYAAAAJ
3QYP1vsAAAAJ,Ariani Mandala,lecturer,90,https://scholar.google.com/citations?hl=en&user=3QYP1vsAAAAJ
YIaRo9EAAAAJ,Deti Mulyo Harsono,"lecture, parahyangan university",90,https://scholar.google.com/citations?hl=en&user=YIaRo9EAAAAJ
hD_w27gAAAAJ,Marihot Nainggolan,Universitas Katolik Parahyangan,88,https://scholar.google.com/citations?hl=en&user=hD_w27gAAAAJ
hIO9ekcAAAAJ,Herry Fernandes Butar Butar,"AAIPB, Politeknik Ilmu Pemasyrakatan, Universitas Katolik Parahyangan, Universitas …",87,https://scholar.google.com/citations?hl=en&user=hIO9ekcAAAAJ
Iou1AGwAAAAJ,Sentris KSMPMI,Universitas Katolik Parahyangan,87,https://scholar.google.com/citations?hl=en&user=Iou1AGwAAAAJ
42ewX2sAAAAJ,Margaretha Banowati Talim,Assistant professor of Human resources and Talent Management,87,https://scholar.google.com/citations?hl=en&user=42ewX2sAAAAJ
D8b7KFYAAAAJ,Christian Fredy Naa,Lecturer at Parahyangan Catholic University,87,https://scholar.google.com/citations?hl=en&user=D8b7KFYAAAAJ
NliRfNsAAAAJ,Orpha Jane,Parahyangan Chatolique University,85,https://scholar.google.com/citations?hl=en&user=NliRfNsAAAAJ
zgHhaoYAAAAJ,Adrian Firdaus,Universitas Katolik Parahyangan,85,https://scholar.google.com/citations?hl=en&user=zgHhaoYAAAAJ
PabOsAYAAAAJ,Dianta Hasri Natalius Barus,Universitas Katolik Parahyangan,85,https://scholar.google.com/citations?hl=en&user=PabOsAYAAAAJ
8IBslHUAAAAJ,Daniel Salim,Universitas Katolik Parahyangan,84,https://scholar.google.com/citations?hl=en&user=8IBslHUAAAAJ
75mpqOEAAAAJ,Aloysius Oscar Yasunari,Universitas Katolik Parahyangan,83,https://scholar.google.com/citations?hl=en&user=75mpqOEAAAAJ
yWO6hqQAAAAJ,Prayoga Luthfil Hadi,"Research Assistant, Parahyangan Catholic University",82,https://scholar.google.com/citations?hl=en&user=yWO6hqQAAAAJ
TdRBJF0AAAAJ,Muhammad Izul Rizaldi Ardiansyah,"Bachelor Business Administration, Catholic Parahyangan University",81,https://scholar.google.com/citations?hl=en&user=TdRBJF0AAAAJ
LOXMPxYAAAAJ,Miryam BLSK Wijaya,Universitas Katolik Parahyangan,80,https://scholar.google.com/citations?hl=en&user=LOXMPxYAAAAJ
-BXsjOsAAAAJ,Alfonsus Sutarno,Universitas Katolik Parahyangan,80,https://scholar.google.com/citations?hl=en&user=-BXsjOsAAAAJ
zACtB8wAAAAJ,Kamal Abdullah Arif,Universitas Katolik Parahyangan,80,https://scholar.google.com/citations?hl=en&user=zACtB8wAAAAJ
KSuyWaYAAAAJ,Fernando Mulia,Universitas Katolik Parahyangan,79,https://scholar.google.com/citations?hl=en&user=KSuyWaYAAAAJ
Rh5NwJwAAAAJ,Yohanes Slamet Purwadi,universitas katolik parahyangan,79,https://scholar.google.com/citations?hl=en&user=Rh5NwJwAAAAJ
KQELPD8AAAAJ,Altho Sagara,Universitas Katolik Parahyangan,79,https://scholar.google.com/citations?hl=en&user=KQELPD8AAAAJ
jH9Al8wAAAAJ,Budy Hermawan,Universitas Parahyangan Bandung,79,https://scholar.google.com/citations?hl=en&user=jH9Al8wAAAAJ
nyV0mb0AAAAJ,Lilian Danil,Universitas Katolik Parahyangan,77,https://scholar.google.com/citations?hl=en&user=nyV0mb0AAAAJ
KU3GsgIAAAAJ,Chandra Wijaya,Universitas Katolik Parahyangan,77,https://scholar.google.com/citations?hl=en&user=KU3GsgIAAAAJ
ahQRPgkAAAAJ,Ignasia Tiffani,Universitas Katolik Parahyangan,76,https://scholar.google.com/citations?hl=en&user=ahQRPgkAAAAJ
z7IeoJsAAAAJ,Yani Herawati,"Lecturer, Parahyangan Catholic University",74,https://scholar.google.com/citations?hl=en&user=z7IeoJsAAAAJ
hM_52zMAAAAJ,Rizky Widian,Universitas Katolik Parahyangan,74,https://scholar.google.com/citations?hl=en&user=hM_52zMAAAAJ
T3COACsAAAAJ,Melania Eva Wulanningtyas,Universitas Katolik Parahyangan,74,https://scholar.google.com/citations?hl=en&user=T3COACsAAAAJ
PBbBowgAAAAJ,Roni Sugiarto,Universitas Katolik Parahyangan,73,https://scholar.google.com/citations?hl=en&user=PBbBowgAAAAJ
s6Y-59IAAAAJ,Gede Karya,Universitas Katolik Parahyangan,72,https://scholar.google.com/citations?hl=en&user=s6Y-59IAAAAJ
X8bA9pMAAAAJ,Puji Astuti Rahayu,Universitas Katolik Parahyangan,72,https://scholar.google.com/citations?hl=en&user=X8bA9pMAAAAJ
0owL6tgAAAAJ,Jonathan Hoseana,Parahyangan Catholic University,71,https://scholar.google.com/citations?hl=en&user=0owL6tgAAAAJ
MyPk7nwAAAAJ,Grace Nathania Clara Sabandar,iTELL,71,https://scholar.google.com/citations?hl=en&user=MyPk7nwAAAAJ
ScN1hakAAAAJ,Pius Suratman Kartasasmita,Parahyangan Catholic University,70,https://scholar.google.com/citations?hl=en&user=ScN1hakAAAAJ
HDwPK9wAAAAJ,Rosa de Lima Endang Padmowati,Universitas Katolik Parahyangan,67,https://scholar.google.com/citations?hl=en&user=HDwPK9wAAAAJ
NQW18vgAAAAJ,Titi Iswari,Lecturer at Universitas Katolik Parahyangan,65,https://scholar.google.com/citations?hl=en&user=NQW18vgAAAAJ
NfIinCYAAAAJ,Mira Dewi Pangestu,Universitas Katolik Parahyangan,65,https://scholar.google.com/citations?hl=en&user=NfIinCYAAAAJ
1LItOfIAAAAJ,Maria Ulfah,Universitas Katolik Parahyangan,65,https://scholar.google.com/citations?hl=en&user=1LItOfIAAAAJ
jljL6fEAAAAJ,Teresia Debby,Universitas Katolik Parahyangan,65,https://scholar.google.com/citations?hl=en&user=jljL6fEAAAAJ
Kwjinm4AAAAJ,Obaja Triputera Wijaya,Universitas Katolik Parahyangan,64,https://scholar.google.com/citations?hl=en&user=Kwjinm4AAAAJ
06RJ3jMAAAAJ,Budiana Gomulia,Parahyangan Catholic University,64,https://scholar.google.com/citations?hl=en&user=06RJ3jMAAAAJ
q32yUmcAAAAJ,S. Sanjaya,,64,https://scholar.google.com/citations?hl=en&user=q32yUmcAAAAJ
mwe6p_0AAAAJ,Asnita Sirait,Universitas Katolik Parahyangan,64,https://scholar.google.com/citations?hl=en&user=mwe6p_0AAAAJ
AQ68cPgAAAAJ,Tilaka Wasanta,Parahyangan Catholic University,63,https://scholar.google.com/citations?hl=en&user=AQ68cPgAAAAJ
T7wDcHoAAAAJ,Trisno Sakti Herwanto,"Public Administration Study Program, Parahyangan Catholic University",63,https://scholar.google.com/citations?hl=en&user=T7wDcHoAAAAJ
qtwwMQYAAAAJ,Dyan Franciska Dumaris Sitanggang,"Lecturer at the Faculty of Law, Universitas Katolik Parahyangan",62,https://scholar.google.com/citations?hl=en&user=qtwwMQYAAAAJ
_-Gr0tUAAAAJ,Nefa Claudia Meliala,Universitas Katolik Parahyangan,62,https://scholar.google.com/citations?hl=en&user=_-Gr0tUAAAAJ
QYFJFNYAAAAJ,Aldyfra Luhulima Lukman,Universitas Katolik Parahyangan,62,https://scholar.google.com/citations?hl=en&user=QYFJFNYAAAAJ
SXUpJ-MAAAAJ,Suwardi Tedja,,62,https://scholar.google.com/citations?hl=en&user=SXUpJ-MAAAAJ
_6tKiiwAAAAJ,Budianastas Prastyatama,"Lecturer, Universitas Katolik Parahyangan",61,https://scholar.google.com/citations?hl=en&user=_6tKiiwAAAAJ
6Nw75iwAAAAJ,Willfridus Demetrius Siga,Universitas Katolik Parahyangan,61,https://scholar.google.com/citations?hl=en&user=6Nw75iwAAAAJ
Wp33GsYAAAAJ,Kristining Seva,Parahyangan Catholic University,61,https://scholar.google.com/citations?hl=en&user=Wp33GsYAAAAJ
PZIUjjUAAAAJ,Paulus Karta Wijaya,"Lecturer, Universitas Katolik Parahyangan",60,https://scholar.google.com/citations?hl=en&user=PZIUjjUAAAAJ
6zpbIIgAAAAJ,Andi Andi,"Department of Architecture, Universitas Katolik Parahyangan",59,https://scholar.google.com/citations?hl=en&user=6zpbIIgAAAAJ
xMzGIOQAAAAJ,Nita Dwi Estika,"Assistant Professor in Architecture, Parahyangan Catholic University",59,https://scholar.google.com/citations?hl=en&user=xMzGIOQAAAAJ
jqBtKe0AAAAJ,Erwinna Chendra,Parahyangan Catholic University,58,https://scholar.google.com/citations?hl=en&user=jqBtKe0AAAAJ
RcFkgdEAAAAJ,Nina Septina,"Catholic University of Parahyangan, FEMAEL, AACIMGCM, FPTVI, APDOVI, AACIM …",56,https://scholar.google.com/citations?hl=en&user=RcFkgdEAAAAJ
usyEk40AAAAJ,Alwin Suryono,Lecturer of Parahyangan Catholic University,56,https://scholar.google.com/citations?hl=en&user=usyEk40AAAAJ
v5nwyjsAAAAJ,Pius Sugeng Prasetyo,Parahyangan Catholic University,55,https://scholar.google.com/citations?hl=en&user=v5nwyjsAAAAJ
OEZic_gAAAAJ,Jesslyn Kartawidjaja,Universitas Katolik Parahyangan,54,https://scholar.google.com/citations?hl=en&user=OEZic_gAAAAJ
4eS49XcAAAAJ,"Dr. WM Herry Susilowati, SH,M.Hum.",Universitas Katolik Parahyangan,53,https://scholar.google.com/citations?hl=en&user=4eS49XcAAAAJ
wqb3EI4AAAAJ,Ida Susanti,"Lecturer of Private International Law and Labour Law, Parahyangan Catholic University",53,https://scholar.google.com/citations?hl=en&user=wqb3EI4AAAAJ
pFotTVAAAAAJ,Budi Prastowo,Parahyangan Catholic University,52,https://scholar.google.com/citations?hl=en&user=pFotTVAAAAAJ
WlJmfY4AAAAJ,Ignatius A. Sandy,parahyangan catholic university,51,https://scholar.google.com/citations?hl=en&user=WlJmfY4AAAAJ
R7EAjW0AAAAJ,Sapta Dwikardana,Universitas Katolik Parahyangan,51,https://scholar.google.com/citations?hl=en&user=R7EAjW0AAAAJ
YxN63A8AAAAJ,Aloysius Tjan Hin Hwie,Universitas Katolik Parahyangan,50,https://scholar.google.com/citations?hl=en&user=YxN63A8AAAAJ
FJXJP1AAAAAJ,Yanuarita Hendrani,Universitas Katolik Parahyangan,50,https://scholar.google.com/citations?hl=en&user=FJXJP1AAAAAJ
dMsl45UAAAAJ,Galuh Candra Purnamasari,Universitas Katolik Parahyangan,49,https://scholar.google.com/citations?hl=en&user=dMsl45UAAAAJ
wVzW1tMAAAAJ,Romy Loice,"Lecturer, Parahyangan Catholic University",49,https://scholar.google.com/citations?hl=en&user=wVzW1tMAAAAJ
rRCF2wgAAAAJ,Finna Fitriana,"Universitas Katolik Parahyangan, University of Sheffield",49,https://scholar.google.com/citations?hl=en&user=rRCF2wgAAAAJ
nj_eZrsAAAAJ,Yusuf Munawar,Universitas Katolik Parahyangan,49,https://scholar.google.com/citations?hl=en&user=nj_eZrsAAAAJ
OPrXvYYAAAAJ,Andreas A. Pramudya,"Ph.D Candidate, Parahyangan Catholic University",49,https://scholar.google.com/citations?hl=en&user=OPrXvYYAAAAJ
qM0KTxAAAAAJ,Sylvia Hastuti Sutanto,Parahyangan Catholic University,48,https://scholar.google.com/citations?hl=en&user=qM0KTxAAAAAJ
1JFtCAgAAAAJ,"Ir. Ignatius Tommy Pratama, ST, MS",Parahyangan Catholic University,48,https://scholar.google.com/citations?hl=en&user=1JFtCAgAAAAJ
r-sJu_kAAAAJ,Murni,Universitas Katolik Parahyangan,47,https://scholar.google.com/citations?hl=en&user=r-sJu_kAAAAJ
6HH8voQAAAAJ,Fran Setiawan,"… student at University of Liverpool, Assistant Professor at Universitas Katolik Parahyangan",47,https://scholar.google.com/citations?hl=en&user=6HH8voQAAAAJ
LCjjThwAAAAJ,Cherish Rikardo,"Lecturer, Universitas Katolik Parahyangan",47,https://scholar.google.com/citations?hl=en&user=LCjjThwAAAAJ
HZphyN8AAAAJ,Arip Budiono,Universitas Parahyangan,47,https://scholar.google.com/citations?hl=en&user=HZphyN8AAAAJ
C-V7z98AAAAJ,Irsanti Hasyim,Parahyangan Catholic University,46,https://scholar.google.com/citations?hl=en&user=C-V7z98AAAAJ
XWPIrYoAAAAJ,David Andrean,"Master of Engineering, Parahyangan Catholic University",46,https://scholar.google.com/citations?hl=en&user=XWPIrYoAAAAJ
WiozFyIAAAAJ,Mariskha Tri Adithia,"Informatics Department, Parahyangan Catholic University",45,https://scholar.google.com/citations?hl=en&user=WiozFyIAAAAJ
fs-yeG8AAAAJ,Atom Ginting Munthe,Universitas Katolik Parahyangan,44,https://scholar.google.com/citations?hl=en&user=fs-yeG8AAAAJ
KrIV8cAAAAAJ,Risti Suryantari,"Department of Physics, Parahyangan Catholic University",42,https://scholar.google.com/citations?hl=en&user=KrIV8cAAAAAJ
3DavmrEAAAAJ,Ronny Trian Surbakti,universitas katolik parahyangan,42,https://scholar.google.com/citations?hl=en&user=3DavmrEAAAAJ
8W-eA1gAAAAJ,Anastasia Sri Lestari,Universitas Katolik Parahyangan,41,https://scholar.google.com/citations?hl=en&user=8W-eA1gAAAAJ
zV7EkaYAAAAJ,"M. Amin, S.Pd., M.Pd.",Universitas Katolik Parahyangan Bandung,41,https://scholar.google.com/citations?hl=en&user=zV7EkaYAAAAJ
JDTemtsAAAAJ,Yasmin Suriansyah,Universitas Katolik Parahyangan,40,https://scholar.google.com/citations?hl=en&user=JDTemtsAAAAJ
N6x3jm4AAAAJ,Nia Juliawati,Business Administration Parahyangan Catholic University,40,https://scholar.google.com/citations?hl=en&user=N6x3jm4AAAAJ
MxBl8Q4AAAAJ,Wulani Enggar Sari,"Dosen, Universitas Katolik Parahyangan",40,https://scholar.google.com/citations?hl=en&user=MxBl8Q4AAAAJ
bpv6x2YAAAAJ,Edy Syahputra Sihombing,Universitas Katolik Parahyangan Bandung,40,https://scholar.google.com/citations?hl=en&user=bpv6x2YAAAAJ
lv4VNjMAAAAJ,Noknik Karliya Herawati,Universitas Katolik Parahyangan,39,https://scholar.google.com/citations?hl=en&user=lv4VNjMAAAAJ
KVAyVzMAAAAJ,Rachmani Puspitadewi,Universitas Katolik Parahyangan,39,https://scholar.google.com/citations?hl=en&user=KVAyVzMAAAAJ
r0dphtgAAAAJ,Indri Astrina Fitria Indrarani Wirakusumah,Universitas Katolik Parahyangan,39,https://scholar.google.com/citations?hl=en&user=r0dphtgAAAAJ
PDBw9kgAAAAJ,Rachmani Puspitadewi,Universitas Katolik Parahyangan,39,https://scholar.google.com/citations?hl=en&user=PDBw9kgAAAAJ
vCkGvSgAAAAJ,CH Suryanugraha,Universitas Katolik Parahyangan,38,https://scholar.google.com/citations?hl=en&user=vCkGvSgAAAAJ
nCA04O4AAAAJ,Carissa Carissa,Universitas Katolik Parahyangan,38,https://scholar.google.com/citations?hl=en&user=nCA04O4AAAAJ
-NV8ZWwAAAAJ,Onesius Otenieli Daeli,Universitas Katolik Parahyangan Bandung,38,https://scholar.google.com/citations?hl=en&user=-NV8ZWwAAAAJ
zQWEaw0AAAAJ,Vania Irawan,"Dosen Hukum, Universitas Katolik Parahyangan",38,https://scholar.google.com/citations?hl=en&user=zQWEaw0AAAAJ
DMBX6bEAAAAJ,Liem Chin,Parahyangan Catholic University,37,https://scholar.google.com/citations?hl=en&user=DMBX6bEAAAAJ
C8TWEToAAAAJ,Yoon Mac Kinley Aritonang,Universitas Katolik Parahyangan,37,https://scholar.google.com/citations?hl=en&user=C8TWEToAAAAJ
j4EGpNIAAAAJ,Hartanto Budiyuwono,"lecture in Department of Architecture of Parahyangan Catholic University, Bandung …",36,https://scholar.google.com/citations?hl=en&user=j4EGpNIAAAAJ
zRsdMygAAAAJ,Wurianalya Maria Novenanty,Universitas Katolik Parahyangan,36,https://scholar.google.com/citations?hl=en&user=zRsdMygAAAAJ
F_TgbGsAAAAJ,Tanto Kurnia,Parahyangan Catholic University,36,https://scholar.google.com/citations?hl=en&user=F_TgbGsAAAAJ
8TQ2-xMAAAAJ,Thomas Kristiatmo,Universitas Katolik Parahyangan,36,https://scholar.google.com/citations?hl=en&user=8TQ2-xMAAAAJ
wNDoMYsAAAAJ,Amirani Ritva Santoso,"Professor of Architecture, Universitas Katolik Parahyangan",36,https://scholar.google.com/citations?hl=en&user=wNDoMYsAAAAJ
VV_1ULcAAAAJ,Judith Felicia Pattiwael,Universitas Katolik Parahyangan,35,https://scholar.google.com/citations?hl=en&user=VV_1ULcAAAAJ
I_mFEV4AAAAJ,Ivan Prasetya Tanimukti,Parahyangan Catholic University,35,https://scholar.google.com/citations?hl=en&user=I_mFEV4AAAAJ
s4hRXGQAAAAJ,Maria Rosarie Harni Triastuti,Parahyangan Catholic University,35,https://scholar.google.com/citations?hl=en&user=s4hRXGQAAAAJ
ImTIlEgAAAAJ,Daniel Siswanto,Universitas Katolik Parahyangan,34,https://scholar.google.com/citations?hl=en&user=ImTIlEgAAAAJ
n_ExgFkAAAAJ,ME Retno Kadarukmi,Universitas Katolik Parahyangan,34,https://scholar.google.com/citations?hl=en&user=n_ExgFkAAAAJ
vdf_KC4AAAAJ,Wivia Octarena Nugroho,Universitas Katolik Parahyangan,34,https://scholar.google.com/citations?hl=en&user=vdf_KC4AAAAJ
-rA_6T0AAAAJ,Franseno Pujianto,lecturer of architecture,34,https://scholar.google.com/citations?hl=en&user=-rA_6T0AAAAJ
ilcKfpAAAAAJ,Triningtyas Elisabeth Putri Gusti,Parahyangan Catholic University,34,https://scholar.google.com/citations?hl=en&user=ilcKfpAAAAAJ
DD38JcIAAAAJ,Naomi Pratiwi,Universitas Katolik Parahyangan,33,https://scholar.google.com/citations?hl=en&user=DD38JcIAAAAJ
3dl8UYcAAAAJ,Pengaruh Pengunaan Katalis Terhadap Laju Dan Efisiensi Pembentukan Hidrogen,,33,https://scholar.google.com/citations?hl=en&user=3dl8UYcAAAAJ
_J-cb7gAAAAJ,Arthur Purboyo,Universitas Katolik Parahyangan,32,https://scholar.google.com/citations?hl=en&user=_J-cb7gAAAAJ
C0Wn68EAAAAJ,Gery Raphael Lusanjaya,Parahyangan Catholic University,31,https://scholar.google.com/citations?hl=en&user=C0Wn68EAAAAJ
uweeCLwAAAAJ,Vincentius Josef Wisnu Wardhono,Parahyangan University,31,https://scholar.google.com/citations?hl=en&user=uweeCLwAAAAJ
SpIgN9wAAAAJ,Jeremia Gom Gom Parulian Simanjuntak,Parahyangan Catholic University,31,https://scholar.google.com/citations?hl=en&user=SpIgN9wAAAAJ
5ksb-foAAAAJ,Eric Matheus Tena Yoel,Universitas Katolik Parahyangan,31,https://scholar.google.com/citations?hl=en&user=5ksb-foAAAAJ
SmZJsEsAAAAJ,Katlea Fitriani,"Lecturer of Management, Parahyangan Catholic University",31,https://scholar.google.com/citations?hl=en&user=SmZJsEsAAAAJ
E_x9UUQAAAAJ,Indraswari Indraswari,Universitas Katolik Parahyangan,30,https://scholar.google.com/citations?hl=en&user=E_x9UUQAAAAJ
58fsKsMAAAAJ,Ryani Gunawan,Universitas Katolik Parahyangan,30,https://scholar.google.com/citations?hl=en&user=58fsKsMAAAAJ
RZCyntwAAAAJ,Vincentius Franstianto,Universitas Katolik Parahyangan Bandung,30,https://scholar.google.com/citations?hl=en&user=RZCyntwAAAAJ
9oXlL3EAAAAJ,Christianto Hendrawan,Parahyangan Catholic University,29,https://scholar.google.com/citations?hl=en&user=9oXlL3EAAAAJ
JBm707YAAAAJ,Agus Hasan Pura Anggawijaya,Universitas katolik Parahyangan,28,https://scholar.google.com/citations?hl=en&user=JBm707YAAAAJ
TIxicI4AAAAJ,Anne Safrina Kurniasari,Universitas Katolik Parahyangan,27,https://scholar.google.com/citations?hl=en&user=TIxicI4AAAAJ
zEn9tpgAAAAJ,Senjaya Setianto,Parahyangan Catholic University,27,https://scholar.google.com/citations?hl=en&user=zEn9tpgAAAAJ
pXK8ZKMAAAAJ,Ahmad Mukhlish Fariduddin,Universitas Katolik Parahyangan,27,https://scholar.google.com/citations?hl=en&user=pXK8ZKMAAAAJ
lE8OJq8AAAAJ,Catharina Ria Budiningsih,Universitas Katolik Parahyangan,26,https://scholar.google.com/citations?hl=en&user=lE8OJq8AAAAJ
Kt7jiwQAAAAJ,Helmy Hermawan Tjahjanto,Universitas Katolik Parahyangan,26,https://scholar.google.com/citations?hl=en&user=Kt7jiwQAAAAJ
XL340V4AAAAJ,Muliawati Muliawati,Universitas Katolik Parahyangan,26,https://scholar.google.com/citations?hl=en&user=XL340V4AAAAJ
qR7XCrwAAAAJ,Elang Muhammad Rafly Ramadhan,"Economics Student, Parahyangan Catholic University",26,https://scholar.google.com/citations?hl=en&user=qR7XCrwAAAAJ
wk4205YAAAAJ,Mireille Marcia Karman,"Department of International Relations, Parahyangan Catholic University",25,https://scholar.google.com/citations?hl=en&user=wk4205YAAAAJ
tHmByVIAAAAJ,Oei Venny Febrianti,Universitas Katolik Parahyangan,25,https://scholar.google.com/citations?hl=en&user=tHmByVIAAAAJ
8vRvhXgAAAAJ,Anindhita N. Sunartio,Universitas Katolik Parahyangan,24,https://scholar.google.com/citations?hl=en&user=8vRvhXgAAAAJ
QpaiImcAAAAJ,Vania Natali,Universitas Katolik Parahyangan,24,https://scholar.google.com/citations?hl=en&user=QpaiImcAAAAJ
hBbdwYsAAAAJ,IGP Wiratama,"Universitas Katolik Parahyangan, Swinburne University of Technology Sarawak Campus",24,https://scholar.google.com/citations?hl=en&user=hBbdwYsAAAAJ
JclWQDoAAAAJ,Ardian Cangianto,,24,https://scholar.google.com/citations?hl=en&user=JclWQDoAAAAJ
sdI1ypoAAAAJ,Karolus E. Lature,"Faculty of Law, Parahyangan Catholic University",23,https://scholar.google.com/citations?hl=en&user=sdI1ypoAAAAJ
TYGLKcIAAAAJ,Chris Petra Agung,Universitas Katolik Parahyangan,23,https://scholar.google.com/citations?hl=en&user=TYGLKcIAAAAJ
6_kOeCkAAAAJ,Raymondhus Widhiastono,"Administrasi, Universitas Katolik Parahyangan",23,https://scholar.google.com/citations?hl=en&user=6_kOeCkAAAAJ
RwDakq4AAAAJ,"Yunita Miftahul Jannah, S.Pd., M.Pd.",Universitas Katolik Parahyangan Bandung,23,https://scholar.google.com/citations?hl=en&user=RwDakq4AAAAJ
aht5GzoAAAAJ,John Lumbantobing,Universitas Katolik Parahyangan,22,https://scholar.google.com/citations?hl=en&user=aht5GzoAAAAJ
7_F2wloAAAAJ,Evirius Ndruru,Layanan Bahasa Universitas Katolik Parahyangan,22,https://scholar.google.com/citations?hl=en&user=7_F2wloAAAAJ
DD9nyUYAAAAJ,Ronald Julion Suryadi,Universitas Katolik Parahyangan,22,https://scholar.google.com/citations?hl=en&user=DD9nyUYAAAAJ
fJH76nAAAAAJ,Pascal Alfadian,Universitas Katolik Parahyangan,21,https://scholar.google.com/citations?hl=en&user=fJH76nAAAAAJ
aCoWUHkAAAAJ,Muchtar Haryanto Panjaitan,Universitas Katolik Parahyangan,21,https://scholar.google.com/citations?hl=en&user=aCoWUHkAAAAJ
yg49qC0AAAAJ,Maruli Simalango,UNPAR STHB AKPI PERADI,21,https://scholar.google.com/citations?hl=en&user=yg49qC0AAAAJ
LYhOzAQAAAAJ,Kezia Tarigan,Universitas katolik parahyangan,21,https://scholar.google.com/citations?hl=en&user=LYhOzAQAAAAJ
gsqlNB8AAAAJ,Naufal Armia Arifin,"Bachelor of Political Science, Parahyangan Catholic University",20,https://scholar.google.com/citations?hl=en&user=gsqlNB8AAAAJ
Ai2nQE8AAAAJ,B. Ario Tejo S.,Universitas Katolik Parahyangan,20,https://scholar.google.com/citations?hl=en&user=Ai2nQE8AAAAJ
pr_xOecAAAAJ,Aluisius Dwi Rachmanto,"Faculty of Law, Parahyangan Catholic University",19,https://scholar.google.com/citations?hl=en&user=pr_xOecAAAAJ
chgMVKMAAAAJ,Theo Senjaya,Parahyangan Catholic University,19,https://scholar.google.com/citations?hl=en&user=chgMVKMAAAAJ
NJTTJQYAAAAJ,Syayu Zhukhruffa,Catholic Parahyangan University,19,https://scholar.google.com/citations?hl=en&user=NJTTJQYAAAAJ
INuOUG4AAAAJ,Fiqih Rahmanto,"Lecture Assistant, University of Tanjungpura",19,https://scholar.google.com/citations?hl=en&user=INuOUG4AAAAJ
WUHmAWkAAAAJ,Yanly Gandawidjaja,Universitas Katolik Parahyangan,19,https://scholar.google.com/citations?hl=en&user=WUHmAWkAAAAJ
SH0XJpoAAAAJ,Filiani Natalia Salim,Universitas Katolik Parahyangan,19,https://scholar.google.com/citations?hl=en&user=SH0XJpoAAAAJ
L3amMl8AAAAJ,Natalia Christi,Parahyangan Catholic University,18,https://scholar.google.com/citations?hl=en&user=L3amMl8AAAAJ
7TF4nKIAAAAJ,Adelbertus Irawan Justiniarto Hartono,"Lecturer of International Relations, Universitas Katolik Parahyangan",18,https://scholar.google.com/citations?hl=en&user=7TF4nKIAAAAJ
0vd6B48AAAAJ,Adrianus Adityo Vito Ramon,"Assistant Professor in International Law, Faculty of Law, Parahyangan Catholic University",18,https://scholar.google.com/citations?hl=en&user=0vd6B48AAAAJ
219An-4AAAAJ,Lidya Fransisca Tjong,Universitas Katolik Parahyangan,18,https://scholar.google.com/citations?hl=en&user=219An-4AAAAJ
u6jl6z8AAAAJ,Rochana Esti Pramesti,"Dosen Arsitektur, Universitas Katolik Parahyangan",18,https://scholar.google.com/citations?hl=en&user=u6jl6z8AAAAJ
DYSCXm8AAAAJ,Felivia,Parahyangan Catholic University,18,https://scholar.google.com/citations?hl=en&user=DYSCXm8AAAAJ
GY8wNVsAAAAJ,Robyn Irawan,Parahyangan Catholic University,18,https://scholar.google.com/citations?hl=en&user=GY8wNVsAAAAJ
-VUeCAMAAAAJ,Lydia Mutiara Dewi,Universitas Katolik Parahyangan,18,https://scholar.google.com/citations?hl=en&user=-VUeCAMAAAAJ
FOdVc0kAAAAJ,Sahid Sahid,Parahyangan Catholic University,18,https://scholar.google.com/citations?hl=en&user=FOdVc0kAAAAJ
WOgB-DoAAAAJ,Atty Yuniawati,Universitas Katolik Parahyangan,17,https://scholar.google.com/citations?hl=en&user=WOgB-DoAAAAJ
j67fLgQAAAAJ,FX Budiwidodo Pangarso,"… Professor in Achitecture of the City, Parahyangan Catholic University, Bandung, West Java",17,https://scholar.google.com/citations?hl=en&user=j67fLgQAAAAJ
mKGXpUUAAAAJ,Hilda Leilani Masniaritta,"Lecturer, Universitas Katolik Parahyangan",17,https://scholar.google.com/citations?hl=en&user=mKGXpUUAAAAJ
SFO_7EQAAAAJ,Safina Meilia,Universitas Katolik Parahyangan,17,https://scholar.google.com/citations?hl=en&user=SFO_7EQAAAAJ
jxNnWPMAAAAJ,Verawati Suryaputra,Universitas Katolik Parahyangan,16,https://scholar.google.com/citations?hl=en&user=jxNnWPMAAAAJ
PkN817cAAAAJ,"Elaine Vashti Bestari Kustedja, SE, MA","Liberal Arts Department, Parahyangan Catholic University",16,https://scholar.google.com/citations?hl=en&user=PkN817cAAAAJ
ZO8Q_7kAAAAJ,Caecilia Wijayaputri,"History and Theory, Parahyangan Catholic University",16,https://scholar.google.com/citations?hl=en&user=ZO8Q_7kAAAAJ
YXgxWrUAAAAJ,Elisati Hulu,"Lecturer of Informatics, Parahyangan Catholic University",16,https://scholar.google.com/citations?hl=en&user=YXgxWrUAAAAJ
QwxUqagAAAAJ,Ridwan Hendra,Parahyangan Catholic University,16,https://scholar.google.com/citations?hl=en&user=QwxUqagAAAAJ
6OrtHUUAAAAJ,Timothy Andrianus Philemon,Parahyangan Catholic University,16,https://scholar.google.com/citations?hl=en&user=6OrtHUUAAAAJ
ZThjabUAAAAJ,Glenn Adriel Adiguna,Parahyangan Catholic University,16,https://scholar.google.com/citations?hl=en&user=ZThjabUAAAAJ
FUlbwSoAAAAJ,Martinus Yuwana Marjuka,Universitas Katolik Parahyangan,16,https://scholar.google.com/citations?hl=en&user=FUlbwSoAAAAJ
FArjE5wAAAAJ,Hafizullah Mosavi,"MBA Student, Katolik Parahyangan University",16,https://scholar.google.com/citations?hl=en&user=FArjE5wAAAAJ
ifIQxHAAAAAJ,Muhammad Maulana,Universitas Katolik Parahyangan,16,https://scholar.google.com/citations?hl=en&user=ifIQxHAAAAAJ
sspWwOoAAAAJ,Jonathan Hans Yoas,Universitas Katolik Parahyangan,15,https://scholar.google.com/citations?hl=en&user=sspWwOoAAAAJ
4yav0AQAAAAJ,Aflizal Arafianto,Universitas Katolik Parahyangan,15,https://scholar.google.com/citations?hl=en&user=4yav0AQAAAAJ
mppT1ukAAAAJ,Fransiskus Ransus,Universitas Katolik Parahyangan Bandung,15,https://scholar.google.com/citations?hl=en&user=mppT1ukAAAAJ
YvSZzbgAAAAJ,Nancy Yusnita Nugroho,Universitas Katolik Parahyangan,14,https://scholar.google.com/citations?hl=en&user=YvSZzbgAAAAJ
FovJSz8AAAAJ,Buen Sian,"Lecture of Civil Engineering, Universitas Katolik Parahyangan",14,https://scholar.google.com/citations?hl=en&user=FovJSz8AAAAJ
EUJMPFMAAAAJ,Enrico Nirwan Histanto,"Dosen Studio Perancangan Arsitektur, Dosen Struktur Dasar, Dosen Perumahan …",14,https://scholar.google.com/citations?hl=en&user=EUJMPFMAAAAJ
DB70KBQAAAAJ,Sandra Faninda,Universitas Katolik Parahyangan,14,https://scholar.google.com/citations?hl=en&user=DB70KBQAAAAJ
r09OvaoAAAAJ,Kristopher David Harjono,Universitas Katolik Parahyangan,13,https://scholar.google.com/citations?hl=en&user=r09OvaoAAAAJ
Qp9GW6sAAAAJ,Grace Juanita,Parahyangan Catholic University,13,https://scholar.google.com/citations?hl=en&user=Qp9GW6sAAAAJ
w2mMIo0AAAAJ,Jonathan Chandra,Universitas Katolik Parahyangan,13,https://scholar.google.com/citations?hl=en&user=w2mMIo0AAAAJ
1choqhsAAAAJ,Andi Kumala Sakti,"Lecturer of Architecture Department, Parahyangan Catholic University",13,https://scholar.google.com/citations?hl=en&user=1choqhsAAAAJ
1EYpGRMAAAAJ,Meidila Anggita,Parahyangan Catholic University,13,https://scholar.google.com/citations?hl=en&user=1EYpGRMAAAAJ
f6CEPlsAAAAJ,Ivantia Savitri Mokoginta,Universitas Katolik Parahyangan,12,https://scholar.google.com/citations?hl=en&user=f6CEPlsAAAAJ
bsKTxFkAAAAJ,Ignatius Eddy Putranto,Parahyangan Catholic University Bandung Indonesia,12,https://scholar.google.com/citations?hl=en&user=bsKTxFkAAAAJ
er2CxoQAAAAJ,Albert MPL Tobing,"Lecturer of Business Administration, Parahyangan Catholic University",12,https://scholar.google.com/citations?hl=en&user=er2CxoQAAAAJ
G9nTAkkAAAAJ,Patricia Hartieni,Parahyangan Catholic University,12,https://scholar.google.com/citations?hl=en&user=G9nTAkkAAAAJ
zxTVHxkAAAAJ,Kevin Grahadian,Parahyangan Catholic University,12,https://scholar.google.com/citations?hl=en&user=zxTVHxkAAAAJ
50fT9kQAAAAJ,Dr. Ig. Eddy Putranto,"Universitas Katolik Parahyangan, Bandung, Indonesia",11,https://scholar.google.com/citations?hl=en&user=50fT9kQAAAAJ
hykuLa8AAAAJ,Vrameswari Omega Wati,Universitas Katolik Parahyangan,11,https://scholar.google.com/citations?hl=en&user=hykuLa8AAAAJ
YSfcOiQAAAAJ,Yacobus Ari Respati,"Lecturer of Liberal Arts, Universitas Katolik Parahyangan",11,https://scholar.google.com/citations?hl=en&user=YSfcOiQAAAAJ
FYjMyDkAAAAJ,R. Ismadi Santoso Bekti,Universitas Katolik Parahyangan,11,https://scholar.google.com/citations?hl=en&user=FYjMyDkAAAAJ
if7zXpYAAAAJ,Rizky Reza Fauzi,"Junior Associate Professor of Mathematics, Parahyangan Catholic University",11,https://scholar.google.com/citations?hl=en&user=if7zXpYAAAAJ
PI57FucAAAAJ,Adrianus Harsawaskita,Dosen Universitas Katolik Parahyangan,10,https://scholar.google.com/citations?hl=en&user=PI57FucAAAAJ
qlmLzuoAAAAJ,"Theodora Pritadianing Saputri, SH, LL.M",Parahyangan Catholic University,10,https://scholar.google.com/citations?hl=en&user=qlmLzuoAAAAJ
5qd1dzwAAAAJ,Clara Theresia,,10,https://scholar.google.com/citations?hl=en&user=5qd1dzwAAAAJ
9pij_Y0AAAAJ,Valerianus Beatae Jehanu,"Lecturer, Faculty of Law, Parahyangan Catholic University, Bandung - Indonesia",10,https://scholar.google.com/citations?hl=en&user=9pij_Y0AAAAJ
ODJNRogAAAAJ,Arfin Arfin,Universitas Katolik Parahyangan,10,https://scholar.google.com/citations?hl=en&user=ODJNRogAAAAJ
DIrk9iIAAAAJ,Fauzi Hadi Al Amri,"Graduate Student, Master of Law, Parahyangan Catholic University",10,https://scholar.google.com/citations?hl=en&user=DIrk9iIAAAAJ
LJN11MgAAAAJ,Priscilla Anastasya Br Bangun,Universitas Katolik Parahyangan,10,https://scholar.google.com/citations?hl=en&user=LJN11MgAAAAJ
YJmBowEAAAAJ,Yohanes Andika Tjitrajaya,"Lecturer in Development Economics Department, Parahyangan Catholic University",10,https://scholar.google.com/citations?hl=en&user=YJmBowEAAAAJ
VnVRm0IAAAAJ,Bagus Fauzan,Faculty of Law,10,https://scholar.google.com/citations?hl=en&user=VnVRm0IAAAAJ
0_raFkgAAAAJ,Hubertus Hasan,Universitas Katolik Parahyangan,9,https://scholar.google.com/citations?hl=en&user=0_raFkgAAAAJ
MbYtbFYAAAAJ,Kian Ming,Universitas Katolik Parahyangan,9,https://scholar.google.com/citations?hl=en&user=MbYtbFYAAAAJ
_5L_KdEAAAAJ,Irma Subagio,Universitas Katolik Parahyangan,9,https://scholar.google.com/citations?hl=en&user=_5L_KdEAAAAJ
50-P_v8AAAAJ,Gregorios Yogas Sundara,Universitas Katolik Parahyangan,9,https://scholar.google.com/citations?hl=en&user=50-P_v8AAAAJ
IuixPawAAAAJ,Angga Sasmitapura,Universitas Katolik Parahyangan,9,https://scholar.google.com/citations?hl=en&user=IuixPawAAAAJ
qFGCm5IAAAAJ,Anna Anindita Nur Pustika,Universitas Katolik Parahyangan,9,https://scholar.google.com/citations?hl=en&user=qFGCm5IAAAAJ
DvG9TNMAAAAJ,Damajanti Tanumihardja,Universitas Katolik Parahyangan,9,https://scholar.google.com/citations?hl=en&user=DvG9TNMAAAAJ
EVf8WmsAAAAJ,Topik Mulyana,Universitas Katolik Parahyangan,9,https://scholar.google.com/citations?hl=en&user=EVf8WmsAAAAJ
xn9xvFUAAAAJ,Dewi Mariana,Universitas Katolik Parahyangan,8,https://scholar.google.com/citations?hl=en&user=xn9xvFUAAAAJ
L-Yjc0EAAAAJ,Daniel Karim,Parahyangan Catholic University,8,https://scholar.google.com/citations?hl=en&user=L-Yjc0EAAAAJ
q4CbNd4AAAAJ,Probowo Erawan Sastroredjo,"University of Leicester, Parahyangan Catholic University",8,https://scholar.google.com/citations?hl=en&user=q4CbNd4AAAAJ
sH6cmWgAAAAJ,Giandi Kartasasmita,"Department of International Relations, Parahyangan Catholic University",8,https://scholar.google.com/citations?hl=en&user=sH6cmWgAAAAJ
_YRUMC8AAAAJ,Ignasius Loyola Adhi Bhaskara,Universitas Katolik Parahyangan,8,https://scholar.google.com/citations?hl=en&user=_YRUMC8AAAAJ
6qf9A48AAAAJ,Astri Amanda,Universitas Katolik Parahyangan,8,https://scholar.google.com/citations?hl=en&user=6qf9A48AAAAJ
-xaMylIAAAAJ,Kenny Dewi Krisdiany Harahap,Universitas Katolik Parahyangan,8,https://scholar.google.com/citations?hl=en&user=-xaMylIAAAAJ
4hldYbYAAAAJ,Ulfi Audria,,8,https://scholar.google.com/citations?hl=en&user=4hldYbYAAAAJ
o_zoIg4AAAAJ,Anna Fidelia Elly Erawaty,Universitas Katolik Parahyangan,8,https://scholar.google.com/citations?hl=en&user=o_zoIg4AAAAJ
MCXP8c8AAAAJ,Pascal Alfadian Nugroho,Universitas Katolik Parahyangan,7,https://scholar.google.com/citations?hl=en&user=MCXP8c8AAAAJ
mrgkMd8AAAAJ,Yosefa Yosefa,Universitas Katolik Parahyangan,7,https://scholar.google.com/citations?hl=en&user=mrgkMd8AAAAJ
V1Agu10AAAAJ,Liona Nanang Supriatna,Fakultas Hukum Universitas Katolik Parahyangan,7,https://scholar.google.com/citations?hl=en&user=V1Agu10AAAAJ
Bilg0ZEAAAAJ,Aditya Bagoes Saputra,"Telkom University, Parahyangan Catholic University",7,https://scholar.google.com/citations?hl=en&user=Bilg0ZEAAAAJ
_0rnwEcAAAAJ,Ivantia Savitri Mokoginta,Ekonomi,7,https://scholar.google.com/citations?hl=en&user=_0rnwEcAAAAJ
Z1tVmq0AAAAJ,Bahtiar JM Tumanggor,Universitas Katolik Parahyangan,7,https://scholar.google.com/citations?hl=en&user=Z1tVmq0AAAAJ
6Igmp8AAAAAJ,Stephen Sanjaya Budi,"Bachelor of Industrial Engineering, Parahyangan Catholic University",7,https://scholar.google.com/citations?hl=en&user=6Igmp8AAAAAJ
zDzkQMMAAAAJ,Rinda Angghita Putri,"Lecturer, Universitas Katolik Parahyangan",7,https://scholar.google.com/citations?hl=en&user=zDzkQMMAAAAJ
eou3U1kAAAAJ,Budi Tjahja Halim,"Universitas Katolik Parahyangan, STAKATN Pontianak",7,https://scholar.google.com/citations?hl=en&user=eou3U1kAAAAJ
l5oBxv8AAAAJ,andre bahariyanto,Parahyangan Catholic University,7,https://scholar.google.com/citations?hl=en&user=l5oBxv8AAAAJ
RyRi7EAAAAAJ,Ahmad Aswin Masudi,Parahyangan Catholic University,6,https://scholar.google.com/citations?hl=en&user=RyRi7EAAAAAJ
gvSo69IAAAAJ,Probowo Erawan Sastroredjo,"Lecturer, Parahyangan Catholic University",6,https://scholar.google.com/citations?hl=en&user=gvSo69IAAAAJ
WYfndWIAAAAJ,Susana Ani Berliyanti,Universitas Katolik Parahyangan,6,https://scholar.google.com/citations?hl=en&user=WYfndWIAAAAJ
NbiMPikAAAAJ,Riston Situmorang,"Lecturer in Liturgy and Latin, Parahyangan Catholic University",6,https://scholar.google.com/citations?hl=en&user=NbiMPikAAAAJ
P0LMo9wAAAAJ,Angela Teressia,Universitas Katolik Parahyangan,6,https://scholar.google.com/citations?hl=en&user=P0LMo9wAAAAJ
8L1o0T8AAAAJ,Bimo Pragilaksono,,6,https://scholar.google.com/citations?hl=en&user=8L1o0T8AAAAJ
aklR5O8AAAAJ,Anggie Siti Perdani,Universitas Katolik Parahyangan,6,https://scholar.google.com/citations?hl=en&user=aklR5O8AAAAJ
vOPIZ-cAAAAJ,Benediktus Hasiholan Gultom,Universitas Katolik Parahyangan,6,https://scholar.google.com/citations?hl=en&user=vOPIZ-cAAAAJ
WElofaAAAAAJ,Henrycus Napitsunargo,"Fakultas Filsafat, Universitas Katolik Parahyangan",6,https://scholar.google.com/citations?hl=en&user=WElofaAAAAAJ
0sbhsicAAAAJ,Rumiati Rosaline Tobing,universitas katolik parahyangan,5,https://scholar.google.com/citations?hl=en&user=0sbhsicAAAAJ
XxhUSIoAAAAJ,Raymond Chandra Putra,Universitas Katolik Parahyangan,5,https://scholar.google.com/citations?hl=en&user=XxhUSIoAAAAJ
gyXwjzMAAAAJ,Michael Michael,Universitas Katolik Parahyangan and Open Universiteit of The Netherlands,5,https://scholar.google.com/citations?hl=en&user=gyXwjzMAAAAJ
GoEB1CsAAAAJ,Anna F Poerbonegoro,"Parahyangan Catholic University, Colorado State University",5,https://scholar.google.com/citations?hl=en&user=GoEB1CsAAAAJ
EUlEm_sAAAAJ,Joko Pranowo,Universitas Katolik Parahyangan,5,https://scholar.google.com/citations?hl=en&user=EUlEm_sAAAAJ
jFAIhScAAAAJ,Ely Elprida Sigiro,Universitas Katolik Parahyangan,5,https://scholar.google.com/citations?hl=en&user=jFAIhScAAAAJ
MB-_UnIAAAAJ,M. Dafnis Fazlur R.,Universitas Katolik Parahyangan,5,https://scholar.google.com/citations?hl=en&user=MB-_UnIAAAAJ
xcpbqnIAAAAJ,David Cariera Napitupulu,,5,https://scholar.google.com/citations?hl=en&user=xcpbqnIAAAAJ
64XKnEMAAAAJ,Devinsa Aurelle,"Mahasiswa, Universitas Katolik Parahyangan",5,https://scholar.google.com/citations?hl=en&user=64XKnEMAAAAJ
7QVFGYMAAAAJ,Winardi Emmanuel Setiawan,Universitas Katolik Parahyangan,5,https://scholar.google.com/citations?hl=en&user=7QVFGYMAAAAJ
tBBjQMkAAAAJ,Yosephine Debbie Damayanti,"Dosen Kimia, Universitas Katolik Parahyangan",5,https://scholar.google.com/citations?hl=en&user=tBBjQMkAAAAJ
-5hA4HkAAAAJ,KURNIATI DAMERIA,Parahyangan Catholic University,5,https://scholar.google.com/citations?hl=en&user=-5hA4HkAAAAJ
nWmxo4cAAAAJ,Maria Yulita Trida Tahu,"Institut Teknologi Bandung, Universitas Katolik Parahyangan",5,https://scholar.google.com/citations?hl=en&user=nWmxo4cAAAAJ
hq6JmIUAAAAJ,Flaviana Flaviana,Parahyangan Catholic University,4,https://scholar.google.com/citations?hl=en&user=hq6JmIUAAAAJ
hnVaVNEAAAAJ,Astrid Soraya Ariani,Parahyangan Catholic University,4,https://scholar.google.com/citations?hl=en&user=hnVaVNEAAAAJ
yf7eFj4AAAAJ,Moses William Yuwono,Universitas Katolik Parahyangan,4,https://scholar.google.com/citations?hl=en&user=yf7eFj4AAAAJ
BPz-TTMAAAAJ,Sisi Nova Rizkiani,"Lecturer, Parahyangan Catholic Universiti",4,https://scholar.google.com/citations?hl=en&user=BPz-TTMAAAAJ
IZwl3Z0AAAAJ,Adrianus Tirta,"Lecturer, Business Administration, Parahyangan Catholic University",4,https://scholar.google.com/citations?hl=en&user=IZwl3Z0AAAAJ
tc4hNPAAAAAJ,Jeffri Yosep Simanjorang,Parahyangan Catholic University,4,https://scholar.google.com/citations?hl=en&user=tc4hNPAAAAAJ
h8EC5wEAAAAJ,Yoopie Setiawan,Universitas Katolik Parahyangan,4,https://scholar.google.com/citations?hl=en&user=h8EC5wEAAAAJ
K_TajOoAAAAJ,Fransiskus Xaverius Supriyono,universitas katolik parahyangan,4,https://scholar.google.com/citations?hl=en&user=K_TajOoAAAAJ
fOC4DPsAAAAJ,Elza Fransisca,Universitas Katolik Parahyangan,4,https://scholar.google.com/citations?hl=en&user=fOC4DPsAAAAJ
gZClKsQAAAAJ,Giovano Alberto,"Lecturer of Industrial Engineering, Universitas Katolik Parahyangan",4,https://scholar.google.com/citations?hl=en&user=gZClKsQAAAAJ
QJ-xKQsAAAAJ,Rieka Aprilia Tanuy,Universitas Katolik Parahyangan,4,https://scholar.google.com/citations?hl=en&user=QJ-xKQsAAAAJ
eB8bnWUAAAAJ,cinthya yunan,Parahyangan Catholic University,4,https://scholar.google.com/citations?hl=en&user=eB8bnWUAAAAJ
3x5tjz8AAAAJ,"Williams Oey, SH, LL.M.","Lecturer, Faculty of Law, Parahyangan Catholic University, Bandung - Indonesia",4,https://scholar.google.com/citations?hl=en&user=3x5tjz8AAAAJ
5XQCm8sAAAAJ,Ilva Nurfitriati,UNPAR BANDUNG,4,https://scholar.google.com/citations?hl=en&user=5XQCm8sAAAAJ
ULEd05MAAAAJ,Adinda Oktaviani Rachdian,Parahyangan Catholic University,4,https://scholar.google.com/citations?hl=en&user=ULEd05MAAAAJ
TOX5PX0AAAAJ,Christina Ester Manthalina Hutabarat,Universitas Katolik Parahyangan,4,https://scholar.google.com/citations?hl=en&user=TOX5PX0AAAAJ
rZchB60AAAAJ,Edy Panca Wibowo,Universitas Katolik Parahyangan,4,https://scholar.google.com/citations?hl=en&user=rZchB60AAAAJ
365-SEQAAAAJ,Beby Nurtesha Putri,,4,https://scholar.google.com/citations?hl=en&user=365-SEQAAAAJ
3A6Ug6gAAAAJ,Michelle Handoko,Universitas Katolik Parahyangan,4,https://scholar.google.com/citations?hl=en&user=3A6Ug6gAAAAJ
ZM3yey8AAAAJ,Rismawati,"Dosen Fakultas Hukum, Universitas Katolik Parahyangan",3,https://scholar.google.com/citations?hl=en&user=ZM3yey8AAAAJ
fbPsCHgAAAAJ,Melania Lintang Kenisah,Universitas Katolik Parahyangan,3,https://scholar.google.com/citations?hl=en&user=fbPsCHgAAAAJ
EjHJl2UAAAAJ,Debiana Dewi Sudradjat,"Lecturer of Law, Universitas Katolik Parahyangan",3,https://scholar.google.com/citations?hl=en&user=EjHJl2UAAAAJ
wI6Z7e0AAAAJ,"Kurniasih, M.Hum",Universitas Katolik Parahyangan,3,https://scholar.google.com/citations?hl=en&user=wI6Z7e0AAAAJ
yyW3E0AAAAAJ,Riston Situmorang,OSC,3,https://scholar.google.com/citations?hl=en&user=yyW3E0AAAAAJ
l3W2Y80AAAAJ,Ronald Sebastian,"Staff Administration, Parahyangan Catholic University",3,https://scholar.google.com/citations?hl=en&user=l3W2Y80AAAAJ
TjJknf8AAAAJ,Marcella Alifia Kuswana Putri,Universitas Katolik Parahyangan,3,https://scholar.google.com/citations?hl=en&user=TjJknf8AAAAJ
KChFiXIAAAAJ,Didacus Pindho Bismoko,"Staff, Parahyangan Catholic University",3,https://scholar.google.com/citations?hl=en&user=KChFiXIAAAAJ
TwY-gQwAAAAJ,Christina Ester MH,"Dosen FKIP, Universitas Katolik Parahyangan",3,https://scholar.google.com/citations?hl=en&user=TwY-gQwAAAAJ
KL-uERgAAAAJ,"Shinta Mustikarini SE , M.Si.",Business Administration Lecturer,3,https://scholar.google.com/citations?hl=en&user=KL-uERgAAAAJ
rb02YQkAAAAJ,Kharisma Khalida Arifin,Universitas Katholik Parahyangan,3,https://scholar.google.com/citations?hl=en&user=rb02YQkAAAAJ
65Uwe9kAAAAJ,Galuh Kresnadian Tedjawinata,Parahyangan Catholic University,3,https://scholar.google.com/citations?hl=en&user=65Uwe9kAAAAJ
P2RcpK4AAAAJ,AYU FITRI CAMELIA,"Master of Social Science, Parahyangan Catholic University",3,https://scholar.google.com/citations?hl=en&user=P2RcpK4AAAAJ
RdqHPGgAAAAJ,D Jukarna,"Lecture at Prodi Pendidikan Fisika, FKIP UNPAR",3,https://scholar.google.com/citations?hl=en&user=RdqHPGgAAAAJ
cP6DhhkAAAAJ,Viktorianus Mahendra Da Lopez,"Universitas Nusa Cendana, Universitas Pasundan, Universitas Katolik Parahyangan",3,https://scholar.google.com/citations?hl=en&user=cP6DhhkAAAAJ
2NfVfXIAAAAJ,Nicolas Wianto,Graduate Student at Parahyangan Catholic University,3,https://scholar.google.com/citations?hl=en&user=2NfVfXIAAAAJ
y0YqZEkAAAAJ,Frisca Ayu Desi Widyaningrum,"English Language Education Study Program, Universitas Katolik Parahyangan",3,https://scholar.google.com/citations?hl=en&user=y0YqZEkAAAAJ
0NIvY1EAAAAJ,F. Leonardo Kiloiz Efraim Petto,"Universitas Katolik Parahyangan, Bandung",3,https://scholar.google.com/citations?hl=en&user=0NIvY1EAAAAJ
xujLvTwAAAAJ,Roni Tua,Universitas Katolik Parahyangan,3,https://scholar.google.com/citations?hl=en&user=xujLvTwAAAAJ
CDBSmJIAAAAJ,Bayu Seto Hardjowahono,"Doctor in Private International Law, Parahyangan Catholic University",2,https://scholar.google.com/citations?hl=en&user=CDBSmJIAAAAJ
KUrzhOwAAAAJ,Husnul Hakim,Parahyangan Catholic University,2,https://scholar.google.com/citations?hl=en&user=KUrzhOwAAAAJ
FUk12wYAAAAJ,Benny Gunawan Hung,"Graduate Civil Engineering Student, Parahyangan Catholik University",2,https://scholar.google.com/citations?hl=en&user=FUk12wYAAAAJ
TTfbrhRcVQIC,Dimas Hartawan Wicaksono,Universitas Katolik Parahyangan,2,https://scholar.google.com/citations?hl=en&user=TTfbrhRcVQIC
-GWiCuIAAAAJ,Sebastian Standiklaus,Magister Student at Parahyangan Catholic University,2,https://scholar.google.com/citations?hl=en&user=-GWiCuIAAAAJ
oI0IhfMAAAAJ,Bregas Vikri Prayuko,Lecturer in Dept. of Architecture of Parahyangan Catholic University,2,https://scholar.google.com/citations?hl=en&user=oI0IhfMAAAAJ
Uti6QnYAAAAJ,Fransiska Anita Subari,Universitas Katolik Parahyangan,2,https://scholar.google.com/citations?hl=en&user=Uti6QnYAAAAJ
O-07ROwAAAAJ,Eunike MA Samodra,Tenaga Pengajar,2,https://scholar.google.com/citations?hl=en&user=O-07ROwAAAAJ
yqwhu6gAAAAJ,Janto Vincent Sulungbudi,"Head of Laboratory, Parahyangan Catholic University",2,https://scholar.google.com/citations?hl=en&user=yqwhu6gAAAAJ
klpE_NMAAAAJ,JASSON ADITYA SUDRAJAT,Parahyangan Catholic University,2,https://scholar.google.com/citations?hl=en&user=klpE_NMAAAAJ
weofubEAAAAJ,Robby,Parahyangan Catholic University,2,https://scholar.google.com/citations?hl=en&user=weofubEAAAAJ
B9zH2I0AAAAJ,Raymond Christian,,2,https://scholar.google.com/citations?hl=en&user=B9zH2I0AAAAJ
lZrGp_QAAAAJ,Yuliana Maria Mediatrix,Universitas Katolik Parahyangan,2,https://scholar.google.com/citations?hl=en&user=lZrGp_QAAAAJ
DEt6l-0AAAAJ,Flaviana Catherine,Parahyangan University,1,https://scholar.google.com/citations?hl=en&user=DEt6l-0AAAAJ
5RAldUwAAAAJ,Gina Ningsih Yuwono,Universitas Katolik Parahyangan,1,https://scholar.google.com/citations?hl=en&user=5RAldUwAAAAJ
AIryJ34AAAAJ,Maria Anestasia,Parahyangan Catholic University,1,https://scholar.google.com/citations?hl=en&user=AIryJ34AAAAJ
aYwJSPcAAAAJ,budi prastowo,"Dosen bidang hukum Pidana, Universitas Katolik Parahyangan",1,https://scholar.google.com/citations?hl=en&user=aYwJSPcAAAAJ
PMEbIDQAAAAJ,Dian Sadeli,"Lecturer of Business Administration, Parahyangan Catholic University",1,https://scholar.google.com/citations?hl=en&user=PMEbIDQAAAAJ
pOvExCQAAAAJ,Shelvi Shelvi,Universitas Katolik Parahyangan,1,https://scholar.google.com/citations?hl=en&user=pOvExCQAAAAJ
PvVPdgIAAAAJ,Muhammad Rayhan Sudrajat,Sound Arts Lecturer at Universitas Katolik Parahyangan (UNPAR),1,https://scholar.google.com/citations?hl=en&user=PvVPdgIAAAAJ
uSWiuHMAAAAJ,Viona Wijaya,Universitas Katolik Parahyangan,1,https://scholar.google.com/citations?hl=en&user=uSWiuHMAAAAJ
6RNgXCQAAAAJ,Muhammad Maulidza,Universitas Katolik Parahyangan,1,https://scholar.google.com/citations?hl=en&user=6RNgXCQAAAAJ
uRShG9MAAAAJ,Yuanita Puspita Dewi Sudarso,,1,https://scholar.google.com/citations?hl=en&user=uRShG9MAAAAJ
grvcecsAAAAJ,Theo Frids Marulitua,Universitas Katolik Parahyangan,1,https://scholar.google.com/citations?hl=en&user=grvcecsAAAAJ
_Ofmq7YAAAAJ,HELENA YOSA SUNDARA,Universitas Katolik Parahyangan,1,https://scholar.google.com/citations?hl=en&user=_Ofmq7YAAAAJ
cBIgxRgAAAAJ,Marion Siagian,Universitas Katolik Parahyangan,1,https://scholar.google.com/citations?hl=en&user=cBIgxRgAAAAJ
Xl4dfzoAAAAJ,Fadhillah Eka Wardhana,Universitas Katolik Parahyangan,1,https://scholar.google.com/citations?hl=en&user=Xl4dfzoAAAAJ
rk8CzJcAAAAJ,Gorivana Ageza,"Dosen, Fakultas Filsafat, Universitas Katolik Parahyangan",1,https://scholar.google.com/citations?hl=en&user=rk8CzJcAAAAJ
Y3ezGHoAAAAJ,Gabriel Marcelinus Natanael,Universitas Katolik Parahyangan,1,https://scholar.google.com/citations?hl=en&user=Y3ezGHoAAAAJ
xwmhwbcAAAAJ,Maria Lusiana Florentin Werang,Student at Parahyangan Catholic University,1,https://scholar.google.com/citations?hl=en&user=xwmhwbcAAAAJ
4fDJpQ0AAAAJ,Fahry Panca Nugraha,Universitas Katolik Parahyangan,1,https://scholar.google.com/citations?hl=en&user=4fDJpQ0AAAAJ
kbYwv-cAAAAJ,Muhammad Rizki,Universitas Katolik Parahyangan,1,https://scholar.google.com/citations?hl=en&user=kbYwv-cAAAAJ
NKjSJYIAAAAJ,Jh Fandi Gilar Saputro,Universitas Katolik Parahyangan,1,https://scholar.google.com/citations?hl=en&user=NKjSJYIAAAAJ
6c1XVRsAAAAJ,Franky Ali Mallatang Lumbantobing,Universitas Katolik Parahyangan,1,https://scholar.google.com/citations?hl=en&user=6c1XVRsAAAAJ
cKCk0MMAAAAJ,Agrielsa Alphasati Sinaga,Universitas Katolik Parahyangan,1,https://scholar.google.com/citations?hl=en&user=cKCk0MMAAAAJ
6KEyA1kAAAAJ,Immanuel Raynaldo Santjoko,Research Assistant,1,https://scholar.google.com/citations?hl=en&user=6KEyA1kAAAAJ
gtcsCE4AAAAJ,Grice Ine,"Public Administration, Parahyangan Catholic University",1,https://scholar.google.com/citations?hl=en&user=gtcsCE4AAAAJ
fC1xwbIAAAAJ,"Nabilla Ditya Putri, SM",Parahyangan Catholic University,1,https://scholar.google.com/citations?hl=en&user=fC1xwbIAAAAJ
z3lJT1EAAAAJ,Desma,Universitas Katolik Parahyangan,1,https://scholar.google.com/citations?hl=en&user=z3lJT1EAAAAJ
cVj_A1kAAAAJ,Maria Fransiska Hanna,Universitas Katolik Parahyangan,0,https://scholar.google.com/citations?hl=en&user=cVj_A1kAAAAJ
hfNwVDAAAAAJ,Nenny Samudra,universitas katolik parahyangan,0,https://scholar.google.com/citations?hl=en&user=hfNwVDAAAAAJ
T9ndR1wAAAAJ,Gismawa Putri Silalahi,Universitas Katolik Parahyangan,0,https://scholar.google.com/citations?hl=en&user=T9ndR1wAAAAJ
_apORZcAAAAJ,Ruth Dea Juwita,Universitas Katolik Parahyangan,0,https://scholar.google.com/citations?hl=en&user=_apORZcAAAAJ
ZHKrNrQAAAAJ,Raden Rizal Rukanda,Parahyangan Catholic University,0,https://scholar.google.com/citations?hl=en&user=ZHKrNrQAAAAJ
y30IFZwAAAAJ,Cosmas Lili Alika,Universitas Katolik Parahyangan,0,https://scholar.google.com/citations?hl=en&user=y30IFZwAAAAJ
SFswdbQAAAAJ,Michaella Shinta,"Staff, Parahyangan Catholic University",0,https://scholar.google.com/citations?hl=en&user=SFswdbQAAAAJ
XDfj9fUAAAAJ,Damar Ananggadipa,Parahyangan Catholic University,0,https://scholar.google.com/citations?hl=en&user=XDfj9fUAAAAJ
prQLHv4AAAAJ,Hoki Cahyadi Nugroho,Universitas Katolik Parahyangan,0,https://scholar.google.com/citations?hl=en&user=prQLHv4AAAAJ
uYwmbJUAAAAJ,MATHILDA DWI LESTARI,Universitas Katolik Parahyangan,0,https://scholar.google.com/citations?hl=en&user=uYwmbJUAAAAJ
EIwwrEcAAAAJ,Mardiana Mardiana,Universitas Katolik Parahyangan,0,https://scholar.google.com/citations?hl=en&user=EIwwrEcAAAAJ
nQiUx0UAAAAJ,RACHEL GAVRIELA,Universitas Katolik Parahyangan,0,https://scholar.google.com/citations?hl=en&user=nQiUx0UAAAAJ
zjOMx0QAAAAJ,Glenn Bonaventura Wijaya,"Mechatronics Engineering Student, Parahyangan Catholic University",0,https://scholar.google.com/citations?hl=en&user=zjOMx0QAAAAJ
2V3V7NAAAAAJ,Patrick Limin Stiady,Lecturer of Economics Department,0,https://scholar.google.com/citations?hl=en&user=2V3V7NAAAAAJ
fqpaE9oAAAAJ,Michelle Kurniawan,Universitas Katolik Parahyangan,0,https://scholar.google.com/citations?hl=en&user=fqpaE9oAAAAJ
rE2CwDIAAAAJ,feby ivalerina kartikasari,Unpar,0,https://scholar.google.com/citations?hl=en&user=rE2CwDIAAAAJ
KN2R2b4AAAAJ,Keenan Adiwijaya Leman,Parahyangan Catholic University,0,https://scholar.google.com/citations?hl=en&user=KN2R2b4AAAAJ
8Ob-RPMAAAAJ,Fransky Ryadi,Universitas Katolik Parahyangan,0,https://scholar.google.com/citations?hl=en&user=8Ob-RPMAAAAJ
p5qP5JMAAAAJ,Anggolo Purnomo,,0,https://scholar.google.com/citations?hl=en&user=p5qP5JMAAAAJ
4TNEWBAAAAAJ,Hindra Mulya,"Lecturer, Parahyangan Catholic University",0,https://scholar.google.com/citations?hl=en&user=4TNEWBAAAAAJ
4bA9c2MAAAAJ,Timothy Arviando Andrade,,0,https://scholar.google.com/citations?hl=en&user=4bA9c2MAAAAJ
xcfLEhUAAAAJ,Cindyawati,Universitas Katolik Parahyangan,0,https://scholar.google.com/citations?hl=en&user=xcfLEhUAAAAJ
ziJupacAAAAJ,Fahdan Tandri Faadila,Parahyangan Catholic University,0,https://scholar.google.com/citations?hl=en&user=ziJupacAAAAJ
COCIBdwAAAAJ,Leo Kristian Eka Putra Diarsa,Universitas Katolik Parahyangan,0,https://scholar.google.com/citations?hl=en&user=COCIBdwAAAAJ
LkWOZawAAAAJ,CINDY CLARISSA GABRIELA FEBRIAN,Universitas Katolik Parahyangan dan STT Kharisma Bandung,0,https://scholar.google.com/citations?hl=en&user=LkWOZawAAAAJ
d1Y3rOgAAAAJ,Rafael Juan Farand,Parahyangan Catholic University,0,https://scholar.google.com/citations?hl=en&user=d1Y3rOgAAAAJ
Kid9qJwAAAAJ,Maria Orchita Bella,"Departement of Architecture, Parahyangan Catholic University, Indonesia",0,https://scholar.google.com/citations?hl=en&user=Kid9qJwAAAAJ
IuIVIp0AAAAJ,Marchelino Joshua,Graduate Student of Theology Faculty of Philosophy Parahyangan Catholic University …,0,https://scholar.google.com/citations?hl=en&user=IuIVIp0AAAAJ
n2spgNYAAAAJ,Vincent Sebastian Wu,"Alumnus, Parahyangan Catholic University",0,https://scholar.google.com/citations?hl=en&user=n2spgNYAAAAJ
dN-8pGgAAAAJ,Lisa Keizia Halim,Universitas Katolik Parahyangan,0,https://scholar.google.com/citations?hl=en&user=dN-8pGgAAAAJ
3ZijAUsAAAAJ,Shabrina Anjarany,,0,https://scholar.google.com/citations?hl=en&user=3ZijAUsAAAAJ
v27-6jcAAAAJ,Fany Fernita,Parahyangan Catholic University,0,https://scholar.google.com/citations?hl=en&user=v27-6jcAAAAJ
M0Zv0isAAAAJ,Michael Andrianto Gunarso,Student,0,https://scholar.google.com/citations?hl=en&user=M0Zv0isAAAAJ
Gj6qGCcAAAAJ,"Verawaty Sinaga, S.Pd., M.Pd.",Universitas Katolik Parahyangan,0,https://scholar.google.com/citations?hl=en&user=Gj6qGCcAAAAJ
c8nviNcAAAAJ,Maulida Sri Handayani,,0,https://scholar.google.com/citations?hl=en&user=c8nviNcAAAAJ
7GGcfKwAAAAJ,"Sonia Zipora, S.Ars., M.Ars","Lecturer, Parahyangan Catholic University",0,https://scholar.google.com/citations?hl=en&user=7GGcfKwAAAAJ
8NuGSC8AAAAJ,Steven Sergio,Parahyangan Catholic University,0,https://scholar.google.com/citations?hl=en&user=8NuGSC8AAAAJ
RDUdC5EAAAAJ,VIONA ELIZABETH PERMANA,Universitas Katolik Parahyangan,0,https://scholar.google.com/citations?hl=en&user=RDUdC5EAAAAJ
OFmZDrgAAAAJ,ARYA ADHI SAPUTRA,Parahyangan Catholic University,0,https://scholar.google.com/citations?hl=en&user=OFmZDrgAAAAJ
s2A-EwcAAAAJ,Dwiky Valeryan Satriyo,Parts Logistic Supervisor,0,https://scholar.google.com/citations?hl=en&user=s2A-EwcAAAAJ
otL_WYQAAAAJ,Erik Nugraha,"Student Doctor of Economics, Faculty of Economics, Parahyangan Catholic University",0,https://scholar.google.com/citations?hl=en&user=otL_WYQAAAAJ
k-LbokgAAAAJ,Ricki Hidayat,Universitas Katolik Parahyangan,0,https://scholar.google.com/citations?hl=en&user=k-LbokgAAAAJ
MMiQsFAAAAAJ,HENRY SUGIHARTO HERNADI,Universitas Katolik Parahyangan,0,https://scholar.google.com/citations?hl=en&user=MMiQsFAAAAAJ
OAXibTEAAAAJ,Deba Luthfia,Universitas Katolik Parahyangan,0,https://scholar.google.com/citations?hl=en&user=OAXibTEAAAAJ
U_NMryUAAAAJ,IVANIA KIMALDA,"Researcher, Parahyangan Catholic University",0,https://scholar.google.com/citations?hl=en&user=U_NMryUAAAAJ
9voE4JIAAAAJ,Meyta Saraswaty Putri,Lecturer of Parahyangan Catholic University,0,https://scholar.google.com/citations?hl=en&user=9voE4JIAAAAJ
lYPAXMMAAAAJ,Yane Lis Cintawati,Catholic Parahyangan University,0,https://scholar.google.com/citations?hl=en&user=lYPAXMMAAAAJ
faXRDYIAAAAJ,Benedict Erick Mutis,Parahyangan Catholic University,0,https://scholar.google.com/citations?hl=en&user=faXRDYIAAAAJ
cFzZ9NsAAAAJ,AGNES BINTANG FEDORA,Universitas Katolik Parahyangan,0,https://scholar.google.com/citations?hl=en&user=cFzZ9NsAAAAJ
